filename,width,height,class,xmin,ymin,xmax,ymax
new_data62.jpg,500,500,lcd_tv,9,22,490,494
test_data593.jpg,450,470,cigarette,134,281,388,429
test_data738.jpg,1280,600,cell_phone,329,4,900,600
test_data600.jpg,400,400,bottle,138,6,253,390
test_data760.jpg,500,500,broom,199,9,298,487
test_data421.jpg,960,637,bird,156,314,509,519
test_data562.jpg,626,441,paper_boat,90,155,504,401
test_data562.jpg,626,441,paper_boat,146,5,460,144
test_data562.jpg,626,441,paper_boat,310,102,626,257
test_data377.jpg,640,427,cell_phone,127,15,542,426
test_data597.jpg,600,315,bottle,257,6,336,280
test_data100.jpg,960,638,water_tank,291,181,382,311
test_data100.jpg,960,638,water_tank,381,157,523,289
test_data488.jpg,1000,667,laptop,213,134,777,545
test_data139.jpg,800,450,cell_phone,27,1,795,450
test_data540.jpg,500,500,bottle,197,20,318,479
test_data484.jpg,550,550,window,30,92,278,536
test_data484.jpg,550,550,window,278,93,504,537
test_data693.jpg,720,405,bike,39,19,672,394
test_data300.jpg,660,440,bike,8,1,657,439
test_data739.jpg,586,331,bike,94,54,492,291
test_data390.jpg,360,360,lighter,15,100,75,278
test_data390.jpg,360,360,lighter,85,100,143,277
test_data390.jpg,360,360,lighter,152,100,209,276
test_data390.jpg,360,360,lighter,219,100,278,276
test_data390.jpg,360,360,lighter,287,100,347,276
test_data249.jpg,680,350,car,84,103,627,326
test_data33.jpg,700,700,mouse,61,95,275,301
test_data33.jpg,700,700,mouse,192,167,401,386
test_data33.jpg,700,700,mouse,326,244,540,472
test_data33.jpg,700,700,mouse,470,312,686,553
test_data200.jpg,816,544,car,153,161,749,497
test_data443.jpg,440,322,switch_board,19,12,426,309
test_data230.jpg,870,470,cell_phone,377,55,560,432
test_data54.jpg,775,500,laptop,88,38,697,474
test_data843.jpg,500,500,cell_phone,121,82,314,481
test_data812.jpg,500,500,keyboard,6,153,495,346
test_data874.jpg,390,318,bike,7,67,240,257
test_data874.jpg,390,318,bike,255,188,388,273
test_data487.jpg,600,477,car,2,1,600,475
test_data121.jpg,679,509,lighter,39,128,150,439
test_data121.jpg,679,509,lighter,171,130,273,441
test_data121.jpg,679,509,lighter,304,131,396,435
test_data121.jpg,679,509,lighter,427,128,526,434
test_data121.jpg,679,509,lighter,543,128,652,430
test_data276.jpg,800,450,cell_phone,197,6,487,450
test_data83.jpg,500,500,bottle,188,23,306,479
test_data268.jpg,800,600,bike,84,48,626,530
test_data192.jpg,706,823,bike,21,9,698,808
test_data501.jpg,500,500,cell_phone,55,80,215,441
test_data74.jpg,500,500,bottle,125,152,188,454
test_data74.jpg,500,500,bottle,185,127,281,478
test_data74.jpg,500,500,bottle,263,161,317,436
test_data74.jpg,500,500,bottle,306,148,391,451
test_data159.jpg,852,480,cigarette,37,321,767,417
test_data470.jpg,800,800,mouse,268,96,585,659
test_data359.jpg,700,430,car,38,62,669,396
test_data538.jpg,1024,751,shoe,167,207,877,599
test_data312.jpg,811,811,mouse,204,36,600,779
test_data634.jpg,640,426,bird,174,109,486,193
test_data587.jpg,700,1080,car,182,126,502,868
test_data185.jpg,720,540,window,302,137,598,284
test_data659.jpg,402,402,window,30,95,108,290
test_data659.jpg,402,402,window,110,90,209,304
test_data659.jpg,402,402,window,215,59,354,333
test_data598.jpg,740,740,bike,8,269,224,475
test_data598.jpg,740,740,bike,178,277,343,471
test_data598.jpg,740,740,bike,287,293,422,465
test_data598.jpg,740,740,bike,394,297,506,459
test_data598.jpg,740,740,bike,475,304,592,450
test_data598.jpg,740,740,bike,559,313,668,443
test_data598.jpg,740,740,bike,639,314,733,439
test_data504.jpg,740,447,car,121,37,705,376
new_data82.jpg,750,480,lcd_tv,133,48,621,391
test_data451.jpg,528,385,tower,171,160,217,362
test_data451.jpg,528,385,tower,245,260,270,361
test_data451.jpg,528,385,tower,281,34,366,363
test_data451.jpg,528,385,tower,397,1,483,362
test_data776.jpg,800,784,water_tank,165,122,650,708
test_data357.jpg,1000,780,dustbin,17,65,336,647
test_data357.jpg,1000,780,dustbin,339,65,659,646
test_data357.jpg,1000,780,dustbin,663,66,990,642
test_data48.jpg,700,700,mouse,135,29,577,667
test_data369.jpg,500,375,paper_boat,171,24,493,213
test_data472.jpg,468,263,car,28,87,397,248
test_data240.jpg,960,720,car,112,231,906,570
test_data708.jpg,389,568,mouse,3,2,378,560
test_data67.jpg,798,300,switch_board,16,7,251,154
test_data67.jpg,798,300,switch_board,271,6,334,146
test_data67.jpg,798,300,switch_board,356,9,413,149
test_data67.jpg,798,300,switch_board,438,7,506,153
test_data67.jpg,798,300,switch_board,524,5,591,154
test_data67.jpg,798,300,switch_board,608,9,670,151
test_data67.jpg,798,300,switch_board,682,8,791,151
test_data67.jpg,798,300,switch_board,17,161,237,298
test_data67.jpg,798,300,switch_board,274,167,465,299
test_data67.jpg,798,300,switch_board,525,165,734,298
test_data512.jpg,542,550,mouse,113,23,411,512
test_data675.jpg,354,368,water_tank,21,37,324,344
test_data603.jpg,800,600,car,38,191,715,446
test_data706.jpg,800,533,bottle,186,6,410,528
test_data706.jpg,800,533,bottle,384,7,639,533
test_data626.jpg,800,450,cell_phone,8,67,186,442
test_data626.jpg,800,450,cell_phone,201,35,386,441
test_data626.jpg,800,450,cell_phone,395,73,575,443
test_data626.jpg,800,450,cell_phone,587,42,779,441
test_data62.jpg,600,360,car,29,73,572,335
test_data759.jpg,459,459,remote,166,338,193,408
test_data759.jpg,459,459,ccTV,79,59,148,122
test_data759.jpg,459,459,ccTV,80,125,148,196
test_data759.jpg,459,459,ccTV,147,126,213,198
test_data759.jpg,459,459,ccTV,211,126,276,194
test_data759.jpg,459,459,ccTV,275,126,345,202
test_data759.jpg,459,459,ccTV,147,61,211,125
test_data759.jpg,459,459,ccTV,211,62,276,125
test_data759.jpg,459,459,ccTV,276,63,346,122
test_data801.jpg,720,720,keyboard,16,229,712,546
test_data7.jpg,1200,630,switch_board,274,36,1200,584
test_data7.jpg,1200,630,remote,1,3,259,630
test_data711.jpg,514,354,window,61,41,208,309
test_data711.jpg,514,354,window,302,42,447,306
test_data807.jpg,960,768,cell_phone,93,52,450,741
test_data807.jpg,960,768,cell_phone,513,52,871,738
test_data857.jpg,680,680,cell_phone,277,28,582,650
test_data611.jpg,425,496,car,127,326,411,456
test_data82.jpg,1280,540,car,289,249,699,484
test_data82.jpg,1280,540,car,715,246,1190,504
test_data271.jpg,1200,630,mouse,511,151,901,550
new_data36.jpg,450,450,lcd_tv,79,91,383,307
test_data196.jpg,800,445,ccTV,28,26,773,421
test_data126.jpg,530,300,water_tank,12,157,69,211
test_data126.jpg,530,300,water_tank,100,115,136,170
test_data126.jpg,530,300,water_tank,136,116,168,172
test_data126.jpg,530,300,water_tank,293,19,334,70
test_data126.jpg,530,300,water_tank,463,125,524,188
test_data95.jpg,640,480,mouse,90,69,555,421
test_data580.jpg,512,661,bottle,33,20,185,602
test_data580.jpg,512,661,bottle,182,22,336,606
test_data580.jpg,512,661,bottle,337,25,487,606
test_data580.jpg,512,661,bottle,290,403,364,657
test_data868.jpg,600,375,bike,156,5,444,374
test_data872.jpg,700,700,dustbin,151,76,527,606
test_data212.jpg,730,487,car,68,107,655,401
test_data620.jpg,827,827,lighter,207,59,564,752
test_data380.jpg,1000,700,lighter,410,197,808,573
test_data235.jpg,660,450,cigarette,71,9,402,411
test_data289.jpg,1024,576,window,266,190,429,443
test_data289.jpg,1024,576,window,427,189,598,444
test_data289.jpg,1024,576,window,596,184,757,444
test_data683.jpg,542,640,mouse,5,1,417,640
new_data61.jpg,500,500,spectacles,15,84,463,293
test_data673.jpg,600,600,water_tank,11,6,584,597
test_data77.jpg,753,502,keyboard,135,118,629,359
test_data77.jpg,753,502,mouse,126,202,288,357
test_data278.jpg,772,598,window,33,20,192,577
test_data278.jpg,772,598,window,604,14,757,580
test_data837.jpg,900,533,window,53,112,258,484
test_data837.jpg,900,533,window,639,116,839,491
test_data710.jpg,750,375,laptop,30,18,734,374
test_data379.jpg,650,420,bike,18,1,635,415
test_data736.jpg,1024,578,bike,34,12,994,560
test_data373.jpg,430,280,bike,22,34,382,254
test_data24.jpg,425,425,switch_board,14,149,293,314
test_data578.jpg,636,318,bottle,76,90,134,278
test_data578.jpg,636,318,bottle,27,107,77,272
test_data578.jpg,636,318,bottle,174,120,226,272
test_data578.jpg,636,318,bottle,257,128,309,277
test_data578.jpg,636,318,bottle,340,113,395,278
test_data578.jpg,636,318,bottle,436,80,496,282
test_data257.jpg,500,500,switch_board,1,96,479,376
test_data632.jpg,500,500,lighter,186,85,312,478
test_data429.jpg,400,400,bottle,163,57,252,361
test_data387.jpg,600,450,bike,34,49,562,403
test_data591.jpg,620,471,car,61,123,546,356
test_data322.jpg,700,430,bike,2,3,698,430
test_data331.jpg,800,400,window,1,53,124,123
test_data331.jpg,800,400,window,368,28,535,111
test_data660.jpg,450,357,car,99,38,350,285
test_data669.jpg,769,581,water_tank,43,102,319,497
test_data669.jpg,769,581,water_tank,316,63,655,541
test_data669.jpg,769,581,shoe,503,529,643,581
test_data47.jpg,500,500,mouse,178,193,318,475
new_data24.jpg,500,500,spectacles,25,140,463,374
new_data108.jpg,992,558,lcd_tv,82,1,920,553
test_data457.jpg,600,600,bottle,174,32,420,568
test_data256.jpg,640,423,bird,209,140,313,272
test_data256.jpg,640,423,bird,236,329,339,399
new_data6.jpg,500,500,lcd_tv,17,92,482,371
test_data10.jpg,800,800,mouse,197,107,622,692
test_data341.jpg,425,386,bike,91,191,400,366
test_data204.jpg,640,480,car,8,131,611,337
test_data31.jpg,840,380,laptop,19,1,558,360
test_data31.jpg,840,380,laptop,536,110,827,348
test_data604.jpg,1000,780,bottle,52,267,172,555
test_data604.jpg,1000,780,bottle,186,190,293,552
test_data604.jpg,1000,780,bottle,315,192,424,554
test_data604.jpg,1000,780,bottle,447,183,552,552
test_data604.jpg,1000,780,bottle,577,183,681,551
test_data604.jpg,1000,780,bottle,703,192,814,553
test_data604.jpg,1000,780,bottle,831,288,951,552
test_data438.jpg,600,290,keyboard,4,22,598,247
test_data581.jpg,480,270,keyboard,57,29,422,265
test_data27.jpg,395,310,shoe,48,73,353,227
test_data698.jpg,400,300,loptop,78,19,347,288
test_data69.jpg,625,370,bike,104,15,515,346
test_data0.jpg,650,540,dustbin,32,19,327,495
test_data0.jpg,650,540,dustbin,328,16,627,503
test_data41.jpg,760,526,cigarette,47,165,586,445
test_data879.jpg,696,435,cell_phone,300,4,470,434
test_data755.jpg,1200,472,car,10,3,1033,465
new_data67.jpg,355,355,spectacles,47,153,273,236
test_data303.jpg,800,636,keyboard,30,355,768,579
new_data51.jpg,450,450,lcd_tv,68,87,387,289
test_data399.jpg,500,443,laptop,1,87,499,350
test_data261.jpg,350,350,water_tank,91,92,257,284
test_data751.jpg,400,500,switch_board,9,116,375,429
new_data23.jpg,500,500,lcd_tv,35,118,467,393
test_data329.jpg,429,387,ccTV,41,57,361,303
test_data115.jpg,800,800,shoe,12,238,788,648
new_data17.jpg,500,428,spectacles,8,93,493,333
test_data682.jpg,800,600,switch_board,55,323,103,358
test_data682.jpg,800,600,switch_board,79,452,164,489
test_data682.jpg,800,600,switch_board,79,386,164,423
test_data682.jpg,800,600,switch_board,76,516,165,553
test_data682.jpg,800,600,switch_board,115,320,164,358
test_data155.jpg,640,281,bike,4,14,203,261
test_data155.jpg,640,281,bike,213,6,433,280
test_data155.jpg,640,281,bike,440,14,630,261
test_data216.jpg,476,268,bike,31,19,399,249
test_data26.jpg,700,450,window,55,42,139,389
test_data26.jpg,700,450,window,142,2,257,223
test_data26.jpg,700,450,window,169,226,266,418
test_data134.jpg,586,331,car,41,16,516,308
test_data44.jpg,1109,614,bottle,2,71,165,613
test_data44.jpg,1109,614,bottle,90,246,368,613
test_data44.jpg,1109,614,bottle,294,32,413,535
test_data44.jpg,1109,614,bottle,348,197,564,614
test_data44.jpg,1109,614,bottle,519,105,799,614
test_data44.jpg,1109,614,bottle,798,96,1067,613
test_data44.jpg,1109,614,bottle,1006,77,1109,612
test_data465.jpg,600,300,bike,129,15,450,287
test_data282.jpg,500,500,bottle,196,76,308,458
test_data856.jpg,800,600,bike,95,46,725,564
test_data643.jpg,612,300,mouse,10,1,599,281
test_data854.jpg,800,600,switch_board,64,100,744,501
test_data815.jpg,800,800,keyboard,2,243,606,545
test_data815.jpg,800,800,mouse,597,431,749,555
new_data21.jpg,500,500,spectacles,24,184,498,372
test_data244.jpg,399,316,switch_board,21,30,368,296
test_data156.jpg,440,330,laptop,3,13,440,320
test_data426.jpg,700,275,keyboard,1,1,700,273
test_data391.jpg,900,660,car,297,22,603,629
test_data294.jpg,800,600,keyboard,4,304,799,586
test_data880.jpg,800,800,lighter,322,55,518,730
test_data547.jpg,570,570,paper_boat,114,163,367,352
test_data181.jpg,770,677,cell_phone,34,20,343,658
test_data181.jpg,770,677,cell_phone,351,19,661,658
test_data521.jpg,410,430,water_tank,113,103,298,322
test_data51.jpg,640,427,bird,49,89,511,348
test_data273.jpg,800,600,tower,328,30,495,597
test_data118.jpg,749,381,bottle,246,8,369,378
test_data118.jpg,749,381,bottle,386,7,508,378
test_data349.jpg,600,300,bike,137,13,465,295
test_data133.jpg,670,377,paper_boat,77,34,612,278
test_data25.jpg,500,500,switch_board,64,140,430,358
test_data574.jpg,685,385,car,24,38,662,382
test_data699.jpg,600,300,bike,84,2,530,281
new_data26.jpg,500,500,spectacles,10,138,484,329
test_data832.jpg,500,500,dustbin,47,16,459,477
test_data343.jpg,852,480,cigarette,231,5,849,430
test_data309.jpg,480,360,switch_board,80,178,156,259
test_data309.jpg,480,360,switch_board,78,84,156,165
test_data309.jpg,480,360,switch_board,206,86,273,156
test_data309.jpg,480,360,switch_board,204,178,274,251
test_data309.jpg,480,360,switch_board,329,86,394,154
test_data309.jpg,480,360,switch_board,330,177,397,248
test_data191.jpg,500,500,dustbin,86,6,417,486
test_data541.jpg,444,640,bottle,31,19,222,625
test_data541.jpg,444,640,bottle,226,22,421,639
test_data672.jpg,500,500,cell_phone,136,11,360,478
new_data91.jpg,425,425,spectacles,10,94,406,328
test_data468.jpg,750,650,tower,141,106,176,282
test_data468.jpg,750,650,tower,362,101,401,288
test_data468.jpg,750,650,tower,558,85,710,284
test_data468.jpg,750,650,tower,140,317,193,637
test_data468.jpg,750,650,tower,550,297,618,629
test_data527.jpg,950,631,keyboard,25,315,925,610
test_data20.jpg,640,480,mouse,175,3,438,415
test_data247.jpg,500,312,bike,4,1,486,305
test_data378.jpg,1290,400,bike,125,24,673,395
test_data747.jpg,500,500,bottle,179,4,321,496
test_data314.jpg,471,1390,tower,57,67,403,1160
test_data575.jpg,350,350,keyboard,4,83,348,258
test_data163.jpg,350,525,water_tank,72,113,150,233
test_data163.jpg,350,525,water_tank,139,249,225,382
new_data107.jpg,413,550,remote,158,18,274,514
test_data423.jpg,1000,662,bottle,272,17,483,642
test_data423.jpg,1000,662,bottle,496,19,710,640
new_data59.jpg,452,679,remote,221,84,339,620
test_data754.jpg,800,337,keyboard,13,87,664,302
test_data754.jpg,800,337,mouse,691,94,790,291
test_data696.jpg,851,561,switch_board,7,280,846,556
new_data78.jpg,1000,750,lcd_tv,116,249,872,507
test_data262.jpg,910,607,car,240,64,403,204
test_data262.jpg,910,607,car,240,248,404,383
test_data262.jpg,910,607,car,246,417,412,547
test_data262.jpg,910,607,car,511,65,692,208
test_data262.jpg,910,607,car,517,237,685,364
test_data262.jpg,910,607,car,519,418,683,547
test_data849.jpg,700,389,bird,23,99,683,339
test_data123.jpg,1024,512,cell_phone,267,56,725,512
test_data613.jpg,1000,412,keyboard,83,64,912,379
test_data160.jpg,800,800,ccTV,154,197,653,625
test_data686.jpg,480,480,keyboard,36,181,365,322
test_data686.jpg,480,480,mouse,373,189,442,319
new_data35.jpg,475,475,lcd_tv,1,51,473,423
test_data195.jpg,327,512,mouse,9,12,319,509
test_data778.jpg,700,430,bike,9,20,683,409
test_data729.jpg,500,375,car,17,66,485,314
test_data241.jpg,348,348,ccTV,33,51,310,333
test_data197.jpg,600,602,bottle,211,2,397,600
test_data744.jpg,975,600,bike,30,1,934,600
new_data48.jpg,650,650,lcd_tv,1,92,649,544
test_data366.jpg,1000,563,bike,28,4,976,544
new_data86.jpg,628,301,spectacles,31,2,597,264
test_data36.jpg,960,640,bird,425,420,471,443
test_data36.jpg,960,640,bird,477,381,521,404
test_data36.jpg,960,640,bird,524,332,577,358
test_data36.jpg,960,640,bird,581,311,625,337
test_data36.jpg,960,640,bird,625,277,677,303
test_data36.jpg,960,640,bird,675,224,729,250
test_data36.jpg,960,640,bird,750,159,792,187
test_data36.jpg,960,640,bird,769,221,826,248
test_data36.jpg,960,640,bird,808,240,860,264
test_data5.jpg,800,800,shoe,18,163,782,663
test_data664.jpg,350,350,car,169,167,310,250
test_data144.jpg,360,360,ccTV,16,58,347,285
test_data410.jpg,620,826,water_tank,69,14,548,826
test_data549.jpg,640,427,cell_phone,38,78,195,384
test_data549.jpg,640,427,cell_phone,189,68,341,367
test_data549.jpg,640,427,cell_phone,334,60,484,351
test_data549.jpg,640,427,cell_phone,473,48,618,339
test_data222.jpg,545,363,cigarette,192,1,308,323
new_data72.jpg,628,301,spectacles,22,4,605,269
test_data424.jpg,500,500,dustbin,109,54,396,428
test_data107.jpg,900,680,bottle,241,63,399,598
test_data107.jpg,900,680,bottle,395,49,564,623
test_data107.jpg,900,680,bottle,566,78,726,606
test_data651.jpg,640,420,bird,293,178,377,257
test_data651.jpg,640,420,bird,507,66,591,159
test_data651.jpg,640,420,bird,497,258,558,340
test_data93.jpg,1500,326,window,45,31,173,193
test_data93.jpg,1500,326,window,188,32,317,192
test_data93.jpg,1500,326,window,330,31,457,192
test_data93.jpg,1500,326,window,473,31,597,188
test_data93.jpg,1500,326,window,614,28,743,188
test_data93.jpg,1500,326,window,759,34,883,186
test_data93.jpg,1500,326,window,904,35,1027,187
test_data93.jpg,1500,326,window,1044,32,1168,189
test_data93.jpg,1500,326,window,1182,24,1318,196
test_data93.jpg,1500,326,window,1333,31,1455,190
test_data93.jpg,1500,326,window,51,214,168,326
test_data93.jpg,1500,326,window,193,214,309,326
test_data93.jpg,1500,326,window,335,213,453,326
test_data93.jpg,1500,326,window,476,214,594,326
test_data93.jpg,1500,326,window,619,209,740,326
test_data93.jpg,1500,326,window,762,212,883,326
test_data93.jpg,1500,326,window,905,214,1023,326
test_data93.jpg,1500,326,window,1047,211,1171,326
test_data93.jpg,1500,326,window,1190,207,1309,326
test_data93.jpg,1500,326,window,1332,212,1457,326
test_data618.jpg,500,500,keyboard,29,106,471,245
test_data14.jpg,424,636,cell_phone,3,59,400,572
new_data8.jpg,628,301,spectacles,23,30,604,267
test_data236.jpg,466,466,shoe,32,199,447,451
test_data829.jpg,740,455,cell_phone,89,34,295,453
test_data490.jpg,1000,563,bike,228,65,902,494
test_data785.jpg,768,512,remote,53,25,717,477
test_data763.jpg,500,334,tower,198,33,292,261
test_data169.jpg,586,331,bike,136,11,441,327
test_data277.jpg,728,496,bottle,292,1,436,496
test_data89.jpg,450,300,laptop,1,1,264,187
test_data89.jpg,450,300,laptop,64,54,449,300
test_data12.jpg,600,600,shoe,31,192,584,461
test_data585.jpg,1200,630,cell_phone,226,19,512,598
test_data585.jpg,1200,630,cell_phone,608,15,937,616
test_data427.jpg,624,416,window,368,99,420,220
test_data427.jpg,624,416,window,421,85,481,224
test_data427.jpg,624,416,window,482,75,560,230
new_data97.jpg,350,350,lcd_tv,36,21,317,333
test_data680.jpg,500,500,keyboard,12,176,488,348
test_data254.jpg,466,466,bottle,120,16,253,452
test_data449.jpg,450,320,bike,105,110,347,263
test_data449.jpg,450,320,shoe,226,232,323,271
test_data724.jpg,500,334,window,29,74,120,217
test_data724.jpg,500,334,window,207,81,290,219
test_data724.jpg,500,334,window,380,75,478,220
test_data127.jpg,1024,686,tower,606,7,721,582
test_data127.jpg,1024,686,tower,772,22,934,559
new_data4.jpg,1000,667,spectacles,90,207,897,539
test_data813.jpg,700,430,car,24,124,678,399
test_data320.jpg,700,484,laptop,34,14,657,465
new_data34.jpg,540,289,lcd_tv,74,21,467,273
test_data433.jpg,740,444,car,106,100,617,389
test_data715.jpg,500,500,dustbin,99,51,433,480
test_data646.jpg,1000,749,keyboard,44,35,977,358
test_data667.jpg,800,800,shoe,22,92,799,781
test_data46.jpg,700,440,bike,1,37,675,431
test_data231.jpg,515,515,bottle,179,9,335,514
test_data606.jpg,466,466,bike,88,106,403,342
test_data400.jpg,531,407,water_tank,146,99,324,365
new_data64.jpg,500,500,lcd_tv,9,72,485,404
test_data657.jpg,768,520,remote,67,38,295,112
test_data657.jpg,768,520,remote,99,201,163,438
test_data657.jpg,768,520,remote,204,144,281,360
test_data657.jpg,768,520,remote,201,394,427,467
test_data657.jpg,768,520,remote,317,56,397,317
test_data657.jpg,768,520,remote,461,45,685,116
test_data657.jpg,768,520,remote,455,149,536,355
test_data657.jpg,768,520,remote,592,144,662,373
test_data657.jpg,768,520,remote,468,396,628,471
new_data102.jpg,500,500,lcd_tv,31,82,472,413
new_data1.jpg,500,379,lcd_tv,32,28,464,344
test_data90.jpg,361,361,cell_phone,201,3,321,361
test_data90.jpg,361,361,cell_phone,147,3,204,355
test_data90.jpg,361,361,cell_phone,96,4,146,356
test_data90.jpg,361,361,cell_phone,40,5,100,358
test_data583.jpg,630,630,car,54,189,573,444
test_data875.jpg,600,600,remote,7,212,595,389
test_data306.jpg,600,600,bike,61,146,532,427
test_data808.jpg,500,500,switch_board,1,159,497,345
test_data417.jpg,850,445,bike,12,19,140,95
test_data417.jpg,850,445,bike,150,15,277,97
test_data417.jpg,850,445,bike,295,16,418,99
test_data417.jpg,850,445,bike,436,18,561,93
test_data417.jpg,850,445,bike,574,19,692,96
test_data417.jpg,850,445,bike,704,16,830,92
test_data417.jpg,850,445,bike,16,104,141,180
test_data417.jpg,850,445,bike,156,105,279,180
test_data417.jpg,850,445,bike,299,104,422,182
test_data417.jpg,850,445,bike,440,104,559,179
test_data417.jpg,850,445,bike,577,98,695,178
test_data417.jpg,850,445,bike,706,92,833,179
test_data417.jpg,850,445,bike,14,251,139,338
test_data417.jpg,850,445,bike,146,248,275,336
test_data417.jpg,850,445,bike,285,246,414,334
test_data417.jpg,850,445,bike,13,356,148,433
test_data417.jpg,850,445,bike,157,359,290,432
test_data417.jpg,850,445,bike,304,349,439,432
test_data417.jpg,850,445,bike,444,359,576,434
test_data417.jpg,850,445,bike,585,351,712,439
test_data417.jpg,850,445,bike,724,353,840,433
test_data417.jpg,850,445,bike,427,248,553,334
test_data417.jpg,850,445,bike,562,251,688,336
test_data417.jpg,850,445,bike,697,261,846,337
test_data92.jpg,800,450,window,225,145,618,428
test_data802.jpg,500,500,mouse,73,8,353,497
test_data462.jpg,350,350,lighter,24,99,71,251
test_data462.jpg,350,350,lighter,87,100,134,251
test_data462.jpg,350,350,lighter,152,100,199,251
test_data462.jpg,350,350,lighter,215,101,265,251
test_data462.jpg,350,350,lighter,278,100,328,251
new_data100.jpg,1000,429,spectacles,10,11,986,411
test_data507.jpg,600,297,car,5,1,594,297
test_data655.jpg,700,700,window,121,89,526,494
test_data677.jpg,500,500,ccTV,113,128,463,419
test_data661.jpg,874,504,bike,21,27,848,441
test_data486.jpg,450,360,keyboard,1,86,444,280
test_data630.jpg,590,350,car,57,36,526,295
new_data12.jpg,500,375,lcd_tv,6,2,491,371
test_data556.jpg,800,800,bike,33,277,796,715
test_data45.jpg,750,750,shoe,122,82,650,670
test_data853.jpg,700,430,bike,32,20,669,419
test_data568.jpg,800,489,laptop,3,4,797,487
test_data228.jpg,700,430,car,105,99,585,390
test_data143.jpg,500,500,tower,266,6,398,497
test_data266.jpg,608,342,bird,335,230,358,245
test_data266.jpg,608,342,bird,322,142,353,161
test_data266.jpg,608,342,bird,227,152,258,176
test_data266.jpg,608,342,bird,189,158,218,180
test_data266.jpg,608,342,bird,125,177,155,192
test_data266.jpg,608,342,bird,132,211,158,232
test_data266.jpg,608,342,bird,478,141,509,159
test_data226.jpg,660,440,car,63,87,596,393
test_data463.jpg,940,627,cell_phone,414,124,741,627
test_data402.jpg,296,550,cell_phone,90,1,296,545
test_data836.jpg,800,800,mouse,51,80,745,721
test_data224.jpg,480,270,bottle,45,1,140,268
test_data224.jpg,480,270,bottle,138,1,220,270
test_data224.jpg,480,270,bottle,221,1,291,265
test_data453.jpg,300,400,cell_phone,76,2,223,400
test_data49.jpg,480,360,switch_board,27,56,273,161
test_data49.jpg,480,360,switch_board,169,168,429,267
new_data19.jpg,800,800,spectacles,300,313,746,549
test_data561.jpg,400,300,bike,3,66,394,248
test_data783.jpg,600,341,keyboard,8,2,589,341
test_data42.jpg,850,445,bike,3,1,849,443
test_data360.jpg,550,367,bike,95,64,461,347
test_data544.jpg,480,360,window,173,64,293,297
test_data779.jpg,550,355,lighter,221,21,323,339
test_data302.jpg,800,800,laptop,43,119,743,663
test_data415.jpg,621,414,bike,20,199,620,413
test_data701.jpg,800,612,cigarette,510,57,613,471
test_data701.jpg,800,612,cigarette,4,36,549,418
new_data46.jpg,500,333,lcd_tv,15,18,485,314
test_data323.jpg,400,400,ccTV,10,125,386,273
test_data566.jpg,1000,712,laptop,17,20,987,694
test_data662.jpg,970,647,cell_phone,331,42,590,610
test_data865.jpg,490,490,lighter,119,181,184,393
test_data865.jpg,490,490,lighter,177,182,247,396
test_data865.jpg,490,490,lighter,235,183,308,402
test_data865.jpg,490,490,lighter,292,188,372,409
test_data442.jpg,1023,683,bird,257,85,301,123
test_data442.jpg,1023,683,bird,190,460,222,485
test_data442.jpg,1023,683,bird,232,440,270,481
test_data442.jpg,1023,683,bird,225,549,269,587
test_data442.jpg,1023,683,bird,298,548,337,583
test_data442.jpg,1023,683,bird,625,538,658,572
test_data442.jpg,1023,683,bird,407,232,448,262
test_data442.jpg,1023,683,bird,355,144,394,172
test_data442.jpg,1023,683,bird,651,273,695,312
test_data442.jpg,1023,683,bird,773,295,810,326
test_data442.jpg,1023,683,bird,640,368,682,407
test_data442.jpg,1023,683,bird,788,344,820,374
test_data442.jpg,1023,683,bird,712,244,751,277
test_data397.jpg,500,500,water_tank,176,70,490,449
test_data397.jpg,500,500,water_tank,39,112,181,378
test_data397.jpg,500,500,water_tank,1,139,45,335
test_data497.jpg,800,600,bike,74,1,719,598
test_data401.jpg,550,366,water_tank,101,126,173,161
test_data473.jpg,420,550,dustbin,14,7,408,544
test_data475.jpg,800,566,bike,175,31,625,534
new_data77.jpg,355,355,lcd_tv,35,130,331,250
test_data684.jpg,610,610,dustbin,199,141,400,457
new_data65.jpg,450,438,lcd_tv,10,6,438,428
test_data21.jpg,800,600,bike,87,127,716,548
test_data283.jpg,500,887,tower,105,75,221,569
test_data274.jpg,680,510,broom,371,245,444,446
test_data274.jpg,680,510,broom,494,292,642,508
test_data364.jpg,1000,400,bottle,449,40,539,387
test_data364.jpg,1000,400,bottle,270,26,341,346
test_data364.jpg,1000,400,bottle,321,32,395,362
test_data364.jpg,1000,400,bottle,375,40,461,377
test_data364.jpg,1000,400,bottle,620,23,692,349
test_data364.jpg,1000,400,bottle,526,37,601,376
test_data364.jpg,1000,400,bottle,580,29,649,360
test_data464.jpg,651,386,broom,197,150,456,235
test_data362.jpg,640,480,mouse,194,34,443,461
test_data6.jpg,500,500,lighter,250,164,437,425
test_data718.jpg,476,268,bike,28,19,390,248
test_data279.jpg,450,470,paper_boat,15,110,224,214
test_data279.jpg,450,470,paper_boat,250,41,434,132
test_data279.jpg,450,470,paper_boat,127,238,305,329
test_data279.jpg,450,470,paper_boat,61,335,190,400
test_data474.jpg,768,512,cigarette,368,162,435,433
test_data108.jpg,700,700,bottle,68,106,132,519
test_data108.jpg,700,700,bottle,127,115,235,558
test_data108.jpg,700,700,bottle,233,118,355,585
test_data108.jpg,700,700,bottle,370,124,486,582
test_data108.jpg,700,700,bottle,485,126,584,560
test_data108.jpg,700,700,bottle,581,123,634,531
test_data737.jpg,621,414,car,74,34,565,413
test_data789.jpg,720,720,bottle,259,5,494,714
new_data47.jpg,800,800,spectacles,30,227,793,630
new_data2.jpg,810,456,spectacles,45,6,793,453
test_data28.jpg,900,800,bottle,383,218,501,657
test_data190.jpg,424,424,car,11,3,424,385
test_data444.jpg,550,367,laptop,5,2,546,359
test_data186.jpg,1300,543,car,18,44,1276,418
test_data480.jpg,640,473,bike,15,20,622,439
test_data396.jpg,500,500,switch_board,79,47,405,446
test_data838.jpg,600,600,bottle,100,133,189,465
test_data838.jpg,600,600,bottle,409,132,490,464
test_data838.jpg,600,600,bottle,301,133,386,466
test_data838.jpg,600,600,bottle,201,132,287,465
new_data11.jpg,800,534,spectacles,80,192,746,464
test_data511.jpg,700,934,shoe,71,433,629,708
test_data452.jpg,800,530,tower,141,15,681,516
test_data340.jpg,580,580,dustbin,73,10,518,567
test_data586.jpg,800,800,water_tank,55,75,754,763
new_data38.jpg,992,558,lcd_tv,99,11,895,528
test_data259.jpg,645,1024,lighter,206,166,420,844
test_data342.jpg,480,480,laptop,2,3,474,385
test_data325.jpg,630,420,remote,222,3,435,287
test_data525.jpg,768,432,water_tank,252,226,386,284
test_data777.jpg,608,406,cigarette,77,89,466,278
test_data742.jpg,500,500,tower,145,11,302,499
test_data372.jpg,640,480,keyboard,3,130,638,351
test_data822.jpg,930,620,bike,265,87,720,512
test_data75.jpg,1000,662,bird,2,265,48,321
test_data75.jpg,1000,662,bird,100,328,187,366
test_data75.jpg,1000,662,bird,69,264,165,330
test_data75.jpg,1000,662,bird,171,288,266,338
test_data75.jpg,1000,662,bird,281,215,389,290
test_data75.jpg,1000,662,bird,376,246,460,297
test_data75.jpg,1000,662,bird,450,242,529,293
test_data75.jpg,1000,662,bird,103,360,191,412
test_data75.jpg,1000,662,bird,44,495,134,547
test_data75.jpg,1000,662,bird,173,478,256,532
test_data75.jpg,1000,662,bird,280,447,388,510
test_data75.jpg,1000,662,bird,365,397,449,428
test_data75.jpg,1000,662,bird,390,333,484,378
test_data75.jpg,1000,662,bird,560,226,658,271
test_data75.jpg,1000,662,bird,552,276,644,298
test_data75.jpg,1000,662,bird,540,294,632,327
test_data75.jpg,1000,662,bird,611,275,708,322
test_data75.jpg,1000,662,bird,678,282,777,328
test_data75.jpg,1000,662,bird,678,223,776,259
test_data75.jpg,1000,662,bird,722,164,820,220
test_data75.jpg,1000,662,bird,787,162,881,200
test_data75.jpg,1000,662,bird,831,197,932,236
test_data110.jpg,800,600,window,671,1,767,99
test_data110.jpg,800,600,window,694,227,767,445
test_data110.jpg,800,600,window,56,225,231,496
test_data110.jpg,800,600,window,396,238,527,468
test_data110.jpg,800,600,window,526,240,644,456
test_data110.jpg,800,600,window,233,232,386,482
test_data531.jpg,650,488,water_tank,195,19,334,117
test_data623.jpg,400,400,bottle,140,9,261,392
test_data353.jpg,500,500,switch_board,12,113,487,393
test_data567.jpg,1049,698,bike,192,193,370,446
test_data567.jpg,1049,698,bike,371,167,569,473
test_data567.jpg,1049,698,bike,597,109,1020,521
test_data448.jpg,700,532,water_tank,1,1,377,498
test_data448.jpg,700,532,water_tank,365,34,590,328
test_data422.jpg,458,458,lighter,149,57,301,400
test_data363.jpg,450,357,car,96,98,355,248
new_data95.jpg,600,532,lcd_tv,31,2,571,531
test_data793.jpg,600,600,shoe,36,112,566,511
test_data145.jpg,600,450,paper_boat,5,234,212,409
test_data145.jpg,600,450,paper_boat,98,190,286,256
test_data145.jpg,600,450,paper_boat,329,212,592,317
test_data418.jpg,580,637,car,65,35,146,190
test_data418.jpg,580,637,car,180,33,256,190
test_data418.jpg,580,637,car,301,33,379,196
test_data418.jpg,580,637,car,431,35,508,198
test_data418.jpg,580,637,car,67,235,145,392
test_data418.jpg,580,637,car,188,234,267,392
test_data418.jpg,580,637,car,70,435,147,595
test_data418.jpg,580,637,car,184,436,267,595
test_data418.jpg,580,637,car,302,432,379,600
test_data418.jpg,580,637,car,428,438,506,598
test_data418.jpg,580,637,car,429,233,504,391
test_data71.jpg,429,606,water_tank,228,103,383,316
test_data326.jpg,450,339,car,109,71,326,206
test_data543.jpg,420,560,shoe,30,108,387,398
test_data307.jpg,350,350,car,149,108,206,240
test_data678.jpg,392,394,lighter,142,26,244,352
test_data545.jpg,660,450,window,47,54,217,373
test_data545.jpg,660,450,window,236,51,421,383
test_data545.jpg,660,450,window,432,44,615,380
test_data605.jpg,728,724,mouse,40,97,687,629
test_data791.jpg,759,422,laptop,89,39,740,382
test_data572.jpg,679,679,bottle,66,3,244,586
test_data552.jpg,450,299,car,31,154,409,274
test_data365.jpg,584,240,car,37,45,540,196
test_data336.jpg,326,423,dustbin,13,15,322,411
test_data772.jpg,768,590,bike,217,261,533,548
test_data621.jpg,1000,750,keyboard,45,387,939,718
new_data80.jpg,750,480,lcd_tv,167,36,647,418
test_data106.jpg,500,500,broom,4,185,484,274
test_data384.jpg,650,488,keyboard,21,271,632,469
test_data870.jpg,636,900,bottle,218,97,424,826
test_data207.jpg,425,425,water_tank,67,17,361,392
test_data437.jpg,728,728,bottle,223,77,518,659
test_data702.jpg,531,531,paper_boat,80,204,325,302
test_data702.jpg,531,531,paper_boat,277,150,492,279
test_data445.jpg,450,320,water_tank,70,86,169,188
test_data445.jpg,450,320,water_tank,178,93,277,192
test_data445.jpg,450,320,water_tank,291,101,389,201
test_data489.jpg,740,740,bike,2,18,740,738
test_data414.jpg,500,500,tower,184,45,365,500
test_data640.jpg,640,480,lighter,51,56,158,339
test_data640.jpg,640,480,lighter,164,60,267,336
test_data640.jpg,640,480,lighter,275,61,378,340
test_data640.jpg,640,480,lighter,388,63,485,337
test_data640.jpg,640,480,lighter,491,66,591,339
test_data644.jpg,1024,512,cell_phone,121,73,320,440
test_data644.jpg,1024,512,cell_phone,338,63,530,446
test_data644.jpg,1024,512,cell_phone,546,78,718,433
test_data644.jpg,1024,512,cell_phone,736,75,908,440
test_data356.jpg,400,400,window,10,112,215,323
test_data496.jpg,640,480,remote,132,33,254,459
test_data205.jpg,700,430,bike,43,13,654,397
test_data194.jpg,850,567,bird,84,171,179,270
test_data194.jpg,850,567,bird,290,148,380,245
test_data194.jpg,850,567,bird,371,182,470,262
test_data194.jpg,850,567,bird,564,117,641,207
test_data194.jpg,850,567,bird,481,326,569,374
test_data749.jpg,600,600,remote,94,84,501,496
new_data69.jpg,500,500,lcd_tv,1,71,496,430
test_data358.jpg,861,433,switch_board,7,74,860,433
new_data106.jpg,800,800,lcd_tv,60,104,740,614
test_data869.jpg,756,426,tower,11,115,328,422
test_data869.jpg,756,426,tower,342,4,718,425
test_data595.jpg,800,337,keyboard,14,89,663,301
test_data595.jpg,800,337,mouse,692,116,789,290
test_data334.jpg,750,430,bike,4,9,747,421
test_data454.jpg,425,354,lighter,6,84,96,258
test_data454.jpg,425,354,lighter,61,85,146,266
test_data454.jpg,425,354,lighter,119,88,199,281
test_data454.jpg,425,354,lighter,187,92,264,286
test_data454.jpg,425,354,lighter,264,98,342,297
test_data135.jpg,750,550,bottle,11,27,102,550
test_data135.jpg,750,550,bottle,98,6,253,548
test_data135.jpg,750,550,bottle,251,185,371,550
test_data135.jpg,750,550,bottle,369,404,593,550
test_data773.jpg,500,350,car,67,86,440,259
test_data146.jpg,500,333,bike,90,24,437,271
test_data291.jpg,340,510,dustbin,65,6,279,495
test_data482.jpg,458,458,mouse,17,1,442,351
test_data714.jpg,800,600,water_tank,188,2,428,299
test_data867.jpg,850,478,car,99,101,711,435
test_data217.jpg,500,500,mouse,56,157,341,310
new_data92.jpg,450,450,lcd_tv,1,57,449,393
test_data219.jpg,800,450,bike,169,6,675,447
test_data741.jpg,624,624,lighter,70,155,160,464
test_data741.jpg,624,624,lighter,171,154,260,465
test_data741.jpg,624,624,lighter,270,153,355,462
test_data741.jpg,624,624,lighter,366,152,451,464
test_data741.jpg,624,624,lighter,464,150,551,462
test_data536.jpg,675,900,lighter,226,124,446,809
test_data681.jpg,700,525,keyboard,37,25,500,525
test_data681.jpg,700,525,mouse,525,361,687,519
test_data130.jpg,800,800,mouse,241,151,563,732
test_data435.jpg,590,1300,lighter,139,55,468,1240
test_data774.jpg,1024,684,shoe,129,198,903,624
new_data22.jpg,443,332,lcd_tv,6,15,436,316
test_data461.jpg,640,640,ccTV,72,139,560,531
test_data636.jpg,700,490,car,48,106,637,377
test_data198.jpg,1024,682,bird,331,292,638,568
test_data713.jpg,367,500,bottle,183,39,294,480
test_data713.jpg,367,500,bottle,73,41,175,443
test_data860.jpg,800,466,bottle,47,142,235,462
test_data860.jpg,800,466,bottle,461,61,611,462
test_data860.jpg,800,466,bottle,596,121,745,466
test_data860.jpg,800,466,bottle,673,2,788,387
test_data685.jpg,750,750,bike,11,5,747,750
test_data596.jpg,750,563,cigarette,180,243,527,448
new_data27.jpg,360,480,spectacles,3,131,360,341
test_data116.jpg,620,726,switch_board,34,183,575,559
test_data535.jpg,361,361,shoe,40,38,303,342
test_data70.jpg,768,768,water_tank,1,210,303,598
test_data70.jpg,768,768,water_tank,235,272,537,668
test_data70.jpg,768,768,water_tank,244,125,539,300
test_data70.jpg,768,768,water_tank,467,212,763,604
test_data637.jpg,728,424,bird,105,107,568,375
test_data258.jpg,569,627,bottle,73,18,246,605
test_data258.jpg,569,627,bottle,280,22,451,603
test_data8.jpg,1000,505,switch_board,449,162,535,365
test_data554.jpg,910,607,car,42,139,159,414
test_data554.jpg,910,607,car,206,116,335,414
test_data554.jpg,910,607,car,380,129,499,414
test_data554.jpg,910,607,car,544,158,666,414
test_data554.jpg,910,607,car,710,139,828,415
test_data374.jpg,852,480,paper_boat,86,1,789,400
test_data656.jpg,400,780,window,5,1,340,768
new_data87.jpg,558,400,lcd_tv,3,1,558,397
test_data469.jpg,478,309,bike,110,10,369,299
test_data816.jpg,500,255,keyboard,11,85,484,227
test_data420.jpg,500,500,switch_board,34,165,466,338
new_data105.jpg,480,479,spectacles,9,144,479,362
test_data227.jpg,620,726,mouse,16,66,309,224
test_data691.jpg,740,555,bike,92,16,615,555
test_data723.jpg,817,462,car,211,58,607,404
new_data13.jpg,500,500,lcd_tv,41,45,460,456
test_data627.jpg,427,500,ccTV,5,48,421,458
test_data804.jpg,640,640,dustbin,125,96,528,593
test_data287.jpg,398,320,cell_phone,195,31,295,298
test_data99.jpg,600,600,cigarette,143,221,349,344
test_data103.jpg,800,510,laptop,6,1,800,509
test_data434.jpg,600,600,shoe,7,151,599,470
test_data315.jpg,852,480,tower,1,207,570,316
test_data208.jpg,395,395,shoe,13,84,384,312
test_data337.jpg,945,613,window,337,215,403,325
test_data337.jpg,945,613,window,162,347,212,460
test_data337.jpg,945,613,window,531,349,750,458
test_data337.jpg,945,613,window,221,75,376,187
test_data668.jpg,400,300,dustbin,137,56,252,240
test_data167.jpg,1010,719,bike,27,49,986,622
test_data579.jpg,510,681,bike,37,16,475,670
test_data13.jpg,485,272,car,42,16,418,264
test_data431.jpg,1092,614,keyboard,43,48,1047,601
test_data689.jpg,800,534,bird,177,203,240,268
test_data689.jpg,800,534,bird,102,87,172,144
test_data689.jpg,800,534,bird,193,97,253,158
test_data689.jpg,800,534,bird,273,65,329,154
test_data689.jpg,800,534,bird,385,115,461,225
test_data689.jpg,800,534,bird,304,248,365,302
test_data689.jpg,800,534,bird,240,324,311,383
test_data689.jpg,800,534,bird,477,378,549,454
test_data689.jpg,800,534,bird,538,220,594,305
test_data689.jpg,800,534,bird,618,273,681,337
test_data161.jpg,497,605,cell_phone,121,11,409,598
test_data188.jpg,800,534,bike,9,2,636,162
test_data188.jpg,800,534,bike,108,282,775,494
test_data700.jpg,265,500,broom,15,9,255,484
new_data96.jpg,731,350,spectacles,24,72,712,317
test_data137.jpg,582,385,window,191,44,270,292
test_data137.jpg,582,385,window,272,8,383,321
test_data861.jpg,600,600,bike,21,53,576,437
test_data172.jpg,450,360,laptop,6,1,449,355
test_data32.jpg,700,430,car,101,77,617,367
test_data800.jpg,700,450,laptop,3,2,700,449
test_data383.jpg,695,695,bottle,140,21,337,672
test_data392.jpg,500,500,tower,111,70,319,500
test_data392.jpg,500,500,tower,285,222,444,499
new_data81.jpg,680,680,spectacles,34,130,634,504
test_data638.jpg,800,540,paper_boat,253,87,636,307
test_data214.jpg,620,620,keyboard,11,208,612,415
test_data721.jpg,800,572,paper_boat,89,374,343,489
test_data721.jpg,800,572,paper_boat,152,261,404,365
test_data721.jpg,800,572,paper_boat,461,329,742,449
test_data348.jpg,500,500,switch_board,82,122,416,375
test_data705.jpg,851,762,switch_board,79,165,733,373
test_data705.jpg,851,762,switch_board,73,414,797,688
test_data263.jpg,1023,682,water_tank,317,222,382,320
test_data263.jpg,1023,682,water_tank,390,222,454,320
test_data263.jpg,1023,682,water_tank,479,222,539,320
test_data223.jpg,679,679,bottle,233,22,418,670
test_data37.jpg,600,400,car,44,82,536,333
test_data232.jpg,350,350,remote,119,6,232,343
test_data477.jpg,400,594,bike,2,1,399,592
test_data878.jpg,620,413,bird,306,15,503,394
test_data619.jpg,640,1138,cigarette,4,451,492,767
test_data784.jpg,500,400,switch_board,1,54,497,349
test_data403.jpg,350,450,bird,203,12,282,84
test_data403.jpg,350,450,bird,134,152,190,220
test_data403.jpg,350,450,bird,200,90,252,128
test_data403.jpg,350,450,bird,115,298,165,336
test_data403.jpg,350,450,bird,112,346,148,393
test_data210.jpg,800,800,shoe,43,189,756,601
test_data509.jpg,550,367,bird,159,77,372,254
test_data509.jpg,550,367,bird,277,156,454,284
test_data152.jpg,643,482,car,7,10,639,406
test_data835.jpg,450,357,car,84,102,385,291
test_data827.jpg,960,640,bird,87,152,410,402
test_data827.jpg,960,640,bird,96,428,336,602
test_data827.jpg,960,640,bird,323,294,623,588
test_data827.jpg,960,640,bird,277,74,524,277
test_data827.jpg,960,640,bird,619,275,847,430
test_data607.jpg,900,800,water_tank,145,106,752,693
new_data40.jpg,500,295,spectacles,28,19,477,241
test_data842.jpg,375,375,remote,23,29,98,337
test_data842.jpg,375,375,remote,163,28,300,372
test_data631.jpg,620,726,dustbin,14,12,607,715
test_data614.jpg,702,340,bike,2,3,212,340
test_data614.jpg,702,340,bike,210,7,700,330
test_data520.jpg,900,620,bird,192,107,700,478
test_data65.jpg,400,400,bottle,124,21,228,277
test_data193.jpg,400,314,broom,2,2,115,251
test_data193.jpg,400,314,broom,3,259,400,313
test_data193.jpg,400,314,broom,124,125,374,175
test_data193.jpg,400,314,broom,123,172,382,203
test_data193.jpg,400,314,broom,117,193,378,258
test_data4.jpg,639,576,cell_phone,10,5,273,561
test_data4.jpg,639,576,cell_phone,370,6,636,557
test_data34.jpg,560,420,bike,12,5,545,418
test_data768.jpg,700,430,bike,53,9,663,415
test_data202.jpg,970,546,window,197,77,446,485
test_data202.jpg,970,546,window,448,82,660,465
test_data202.jpg,970,546,window,665,93,855,449
test_data576.jpg,600,600,shoe,5,166,594,453
test_data211.jpg,700,430,car,146,87,622,362
test_data85.jpg,750,539,bird,85,143,127,193
test_data85.jpg,750,539,bird,270,138,309,177
test_data85.jpg,750,539,bird,205,247,244,288
test_data85.jpg,750,539,bird,163,324,205,374
test_data85.jpg,750,539,bird,112,461,154,507
test_data85.jpg,750,539,bird,262,339,301,382
test_data85.jpg,750,539,bird,175,400,216,464
test_data85.jpg,750,539,bird,343,478,413,528
test_data85.jpg,750,539,bird,367,432,401,456
test_data85.jpg,750,539,bird,303,233,342,283
test_data85.jpg,750,539,bird,352,205,402,251
test_data85.jpg,750,539,bird,411,125,470,179
test_data85.jpg,750,539,bird,328,290,373,329
test_data85.jpg,750,539,bird,379,254,420,293
test_data85.jpg,750,539,bird,383,313,429,370
test_data85.jpg,750,539,bird,484,333,514,359
test_data85.jpg,750,539,bird,495,371,518,399
test_data85.jpg,750,539,bird,475,392,511,435
test_data85.jpg,750,539,bird,510,486,543,521
test_data85.jpg,750,539,bird,560,424,601,450
test_data85.jpg,750,539,bird,534,346,574,381
test_data85.jpg,750,539,bird,522,176,579,230
test_data85.jpg,750,539,bird,571,48,630,104
test_data85.jpg,750,539,bird,671,59,723,116
test_data85.jpg,750,539,bird,554,262,607,289
test_data85.jpg,750,539,bird,622,239,656,270
test_data85.jpg,750,539,bird,659,186,723,241
test_data85.jpg,750,539,bird,691,491,731,515
test_data85.jpg,750,539,bird,669,384,718,424
test_data513.jpg,500,500,paper_boat,64,363,165,409
test_data513.jpg,500,500,paper_boat,244,298,321,335
test_data513.jpg,500,500,paper_boat,169,166,313,235
test_data513.jpg,500,500,paper_boat,223,3,297,38
test_data513.jpg,500,500,paper_boat,322,71,446,131
test_data513.jpg,500,500,paper_boat,378,406,480,457
test_data548.jpg,425,425,switch_board,119,160,412,257
test_data138.jpg,532,800,bike,96,114,445,648
test_data564.jpg,800,800,bottle,31,49,204,731
test_data564.jpg,800,800,bottle,223,30,399,732
test_data564.jpg,800,800,bottle,411,59,597,730
test_data564.jpg,800,800,bottle,607,47,778,732
test_data559.jpg,800,800,window,64,330,738,649
test_data559.jpg,800,800,window,116,109,662,332
test_data43.jpg,800,800,keyboard,11,330,789,525
test_data285.jpg,630,420,car,142,127,511,313
test_data803.jpg,744,646,lighter,87,169,284,504
test_data803.jpg,744,646,lighter,283,80,466,400
test_data803.jpg,744,646,lighter,466,170,671,503
test_data189.jpg,650,650,bottle,257,31,414,630
test_data324.jpg,679,320,mouse,190,2,679,319
test_data91.jpg,805,455,car,38,69,777,387
test_data537.jpg,700,486,lighter,412,112,571,358
test_data537.jpg,700,486,lighter,542,75,690,320
test_data311.jpg,500,400,car,76,72,424,321
new_data75.jpg,720,720,spectacles,6,284,711,476
test_data136.jpg,850,445,bike,1,27,569,429
test_data851.jpg,600,532,laptop,1,69,600,451
test_data78.jpg,660,440,bike,31,1,585,217
test_data78.jpg,660,440,bike,80,220,571,436
test_data610.jpg,500,500,laptop,1,73,499,430
test_data179.jpg,1000,1320,bottle,8,428,140,940
test_data179.jpg,1000,1320,bottle,145,488,266,940
test_data179.jpg,1000,1320,bottle,270,499,462,944
test_data179.jpg,1000,1320,bottle,463,421,689,947
test_data179.jpg,1000,1320,bottle,693,376,982,944
test_data458.jpg,712,1080,paper_boat,34,377,686,571
test_data775.jpg,759,422,cell_phone,240,46,408,405
test_data850.jpg,332,500,dustbin,13,114,318,457
test_data76.jpg,420,560,shoe,33,204,390,395
test_data746.jpg,765,420,car,394,181,729,342
test_data335.jpg,400,300,cell_phone,126,1,274,298
test_data506.jpg,425,425,bike,105,234,417,424
test_data58.jpg,400,400,dustbin,71,38,324,381
test_data38.jpg,400,300,car,22,80,387,258
test_data841.jpg,640,1136,car,52,497,637,944
test_data367.jpg,800,600,bottle,159,33,225,111
test_data367.jpg,800,600,bottle,295,254,374,329
test_data367.jpg,800,600,bottle,596,169,789,600
test_data817.jpg,800,800,shoe,61,363,709,748
test_data528.jpg,425,303,car,197,170,387,293
test_data828.jpg,300,454,window,18,19,282,439
test_data229.jpg,600,600,water_tank,106,9,494,591
test_data60.jpg,500,500,keyboard,12,205,403,343
test_data60.jpg,500,500,mouse,417,215,476,322
test_data317.jpg,400,400,dustbin,67,26,338,381
test_data758.jpg,500,317,shoe,20,4,488,308
test_data589.jpg,700,700,bottle,241,62,441,679
test_data494.jpg,350,350,lighter,37,69,90,272
test_data494.jpg,350,350,lighter,95,71,150,270
test_data494.jpg,350,350,lighter,152,72,207,270
test_data494.jpg,350,350,lighter,210,71,265,272
test_data494.jpg,350,350,lighter,268,69,322,271
test_data622.jpg,500,500,keyboard,1,173,424,354
test_data622.jpg,500,500,mouse,439,173,499,277
test_data796.jpg,1024,512,cell_phone,88,20,323,492
test_data796.jpg,1024,512,cell_phone,336,43,539,469
test_data796.jpg,1024,512,cell_phone,551,63,739,464
test_data796.jpg,1024,512,cell_phone,752,77,939,456
test_data641.jpg,480,360,switch_board,148,130,391,283
new_data90.jpg,450,450,lcd_tv,94,80,354,319
test_data862.jpg,933,700,window,243,240,387,450
test_data862.jpg,933,700,window,627,155,658,246
test_data862.jpg,933,700,window,635,336,666,421
test_data862.jpg,933,700,window,618,2,649,91
test_data352.jpg,800,800,lighter,240,178,556,629
test_data781.jpg,600,600,lighter,251,225,354,551
test_data162.jpg,1000,757,keyboard,17,44,988,346
test_data98.jpg,600,600,laptop,5,8,600,597
test_data629.jpg,500,500,bottle,108,108,245,420
test_data629.jpg,500,500,bottle,246,103,382,429
test_data375.jpg,608,423,bottle,7,14,114,416
test_data375.jpg,608,423,bottle,128,66,237,415
test_data375.jpg,608,423,bottle,247,14,360,416
test_data375.jpg,608,423,bottle,370,23,477,415
test_data375.jpg,608,423,bottle,491,32,598,414
new_data84.jpg,800,480,lcd_tv,161,4,654,479
test_data665.jpg,558,492,bottle,37,88,102,252
test_data665.jpg,558,492,bottle,232,284,311,485
test_data665.jpg,558,492,bottle,306,121,381,306
test_data665.jpg,558,492,bottle,171,122,240,305
test_data665.jpg,558,492,bottle,88,228,162,419
test_data665.jpg,558,492,bottle,393,228,466,417
test_data498.jpg,1050,581,laptop,14,4,1036,577
test_data66.jpg,466,466,laptop,10,125,460,408
test_data720.jpg,605,430,window,34,45,241,340
test_data720.jpg,605,430,window,240,52,407,315
test_data269.jpg,729,651,mouse,131,136,611,537
test_data752.jpg,570,480,paper_boat,110,342,367,450
test_data752.jpg,570,480,paper_boat,287,248,477,343
test_data752.jpg,570,480,paper_boat,106,236,305,323
test_data752.jpg,570,480,paper_boat,390,181,558,255
test_data752.jpg,570,480,paper_boat,321,138,465,216
test_data752.jpg,570,480,paper_boat,31,151,194,234
test_data752.jpg,570,480,paper_boat,209,118,341,184
test_data752.jpg,570,480,paper_boat,187,76,321,127
test_data752.jpg,570,480,paper_boat,294,75,410,123
test_data752.jpg,570,480,paper_boat,353,100,490,157
new_data41.jpg,499,374,lcd_tv,26,38,467,319
test_data413.jpg,865,452,bird,150,91,261,178
test_data413.jpg,865,452,bird,229,258,322,314
test_data413.jpg,865,452,bird,341,203,446,264
test_data413.jpg,865,452,bird,405,147,509,221
test_data318.jpg,500,500,paper_boat,1,52,104,107
test_data318.jpg,500,500,paper_boat,135,3,231,59
test_data318.jpg,500,500,paper_boat,255,60,333,141
test_data318.jpg,500,500,paper_boat,338,110,431,209
test_data318.jpg,500,500,paper_boat,151,271,244,340
test_data318.jpg,500,500,paper_boat,33,207,121,294
test_data318.jpg,500,500,paper_boat,152,361,230,465
test_data318.jpg,500,500,paper_boat,258,353,363,439
test_data318.jpg,500,500,paper_boat,4,372,100,427
test_data550.jpg,460,322,bird,66,23,391,267
test_data505.jpg,382,500,dustbin,22,15,355,496
test_data252.jpg,800,600,dustbin,186,12,638,594
test_data601.jpg,620,726,bottle,14,97,190,618
test_data601.jpg,620,726,bottle,276,112,466,648
test_data601.jpg,620,726,bottle,457,87,609,603
test_data733.jpg,940,627,cigarette,200,215,730,472
test_data265.jpg,640,480,mouse,95,83,368,466
test_data265.jpg,640,480,mouse,401,96,534,194
test_data265.jpg,640,480,mouse,399,204,525,312
test_data265.jpg,640,480,mouse,408,331,547,439
test_data481.jpg,846,480,cigarette,72,171,592,400
test_data517.jpg,629,453,bike,27,37,604,407
test_data63.jpg,600,300,bike,122,15,478,285
test_data428.jpg,480,360,switch_board,1,206,262,311
test_data877.jpg,700,465,water_tank,114,15,530,445
test_data122.jpg,555,555,lighter,218,155,403,442
new_data25.jpg,768,512,lcd_tv,33,32,733,480
test_data299.jpg,450,450,keyboard,69,143,333,244
test_data299.jpg,450,450,mouse,243,228,351,279
test_data625.jpg,709,709,water_tank,27,226,696,579
test_data239.jpg,696,365,keyboard,39,15,658,321
test_data447.jpg,590,834,car,54,51,143,243
test_data447.jpg,590,834,car,187,51,275,239
test_data447.jpg,590,834,car,316,51,408,240
test_data447.jpg,590,834,car,447,49,542,240
test_data447.jpg,590,834,car,55,316,145,503
test_data447.jpg,590,834,car,188,318,278,508
test_data447.jpg,590,834,car,317,317,407,506
test_data447.jpg,590,834,car,452,316,546,509
test_data447.jpg,590,834,car,64,583,152,766
test_data447.jpg,590,834,car,190,582,283,765
test_data447.jpg,590,834,car,322,582,414,772
test_data447.jpg,590,834,car,454,581,546,770
test_data129.jpg,634,500,bike,12,32,632,500
test_data577.jpg,600,300,bike,146,12,456,288
test_data690.jpg,555,416,car,19,117,538,329
test_data750.jpg,960,720,cigarette,3,431,622,558
test_data450.jpg,660,440,car,4,39,655,405
test_data151.jpg,350,496,tower,102,18,263,463
test_data642.jpg,640,427,bird,49,89,509,352
test_data53.jpg,595,240,cigarette,273,90,515,195
test_data178.jpg,400,300,bike,7,13,396,284
test_data430.jpg,862,485,tower,106,13,609,483
test_data304.jpg,400,341,mouse,99,3,316,338
test_data355.jpg,420,560,shoe,32,196,387,394
test_data333.jpg,800,680,keyboard,2,89,792,323
new_data37.jpg,1000,667,lcd_tv,126,4,873,595
test_data848.jpg,1024,614,bike,197,55,847,548
test_data717.jpg,1300,599,bike,95,72,367,505
test_data717.jpg,1300,599,bike,389,153,633,500
test_data717.jpg,1300,599,bike,668,157,898,505
test_data717.jpg,1300,599,bike,928,135,1204,502
test_data253.jpg,800,800,shoe,50,335,733,735
test_data246.jpg,780,700,water_tank,44,68,758,666
test_data270.jpg,1300,460,bird,188,105,240,154
test_data270.jpg,1300,460,bird,355,162,415,221
test_data270.jpg,1300,460,bird,469,114,562,175
test_data270.jpg,1300,460,bird,528,224,599,273
test_data270.jpg,1300,460,bird,736,333,812,380
test_data510.jpg,650,540,laptop,338,27,650,424
test_data455.jpg,466,466,ccTV,24,37,441,417
test_data35.jpg,768,500,laptop,333,92,695,406
new_data49.jpg,750,750,spectacles,13,175,725,604
test_data102.jpg,800,450,cell_phone,90,2,427,373
test_data102.jpg,800,450,cell_phone,332,81,628,443
test_data876.jpg,590,590,car,55,375,146,559
test_data876.jpg,590,590,car,183,376,275,559
test_data876.jpg,590,590,car,315,376,406,558
test_data876.jpg,590,590,car,451,378,541,559
test_data310.jpg,531,514,dustbin,11,13,518,514
test_data18.jpg,500,500,bottle,189,27,305,476
test_data617.jpg,1000,501,mouse,77,4,917,375
new_data28.jpg,297,445,spectacles,11,16,290,120
new_data28.jpg,297,445,spectacles,3,158,294,290
new_data28.jpg,297,445,spectacles,1,295,297,444
test_data72.jpg,800,800,bottle,1,307,185,781
test_data72.jpg,800,800,bottle,186,248,405,787
test_data72.jpg,800,800,bottle,405,247,625,787
test_data72.jpg,800,800,bottle,623,311,800,776
test_data351.jpg,570,835,broom,34,6,437,829
test_data79.jpg,875,583,cell_phone,75,62,822,521
test_data298.jpg,600,600,bottle,237,149,367,591
test_data298.jpg,600,600,bottle,81,41,164,428
test_data298.jpg,600,600,bottle,444,42,515,428
test_data533.jpg,715,402,broom,302,1,502,402
test_data332.jpg,600,600,shoe,4,184,597,433
test_data786.jpg,840,560,cell_phone,286,48,631,505
new_data9.jpg,628,301,spectacles,24,18,604,267
new_data30.jpg,511,307,spectacles,15,76,500,244
test_data697.jpg,1000,667,bike,268,338,582,577
test_data697.jpg,1000,667,shoe,543,594,610,638
test_data147.jpg,810,529,keyboard,16,38,785,504
test_data633.jpg,660,440,cell_phone,303,23,490,402
test_data633.jpg,660,440,cell_phone,168,24,301,400
test_data242.jpg,380,380,bottle,142,13,238,366
test_data281.jpg,794,529,bird,88,16,129,56
test_data281.jpg,794,529,bird,526,145,625,237
test_data281.jpg,794,529,bird,281,334,350,391
test_data281.jpg,794,529,bird,395,445,465,523
test_data281.jpg,794,529,bird,605,402,713,474
test_data281.jpg,794,529,bird,556,427,619,501
test_data292.jpg,800,800,bottle,59,506,145,794
test_data292.jpg,800,800,bottle,182,504,273,792
test_data292.jpg,800,800,bottle,311,503,401,794
test_data292.jpg,800,800,bottle,443,497,550,794
test_data292.jpg,800,800,bottle,592,501,677,795
test_data788.jpg,450,470,paper_boat,13,278,210,391
test_data788.jpg,450,470,paper_boat,92,142,230,225
test_data788.jpg,450,470,paper_boat,280,205,435,298
test_data688.jpg,620,726,ccTV,76,229,547,509
test_data330.jpg,700,430,car,42,121,669,315
test_data519.jpg,600,400,switch_board,257,81,358,325
test_data132.jpg,340,510,shoe,11,62,330,447
new_data85.jpg,440,440,lcd_tv,21,37,420,302
test_data762.jpg,500,257,keyboard,3,73,482,243
test_data847.jpg,980,651,cell_phone,20,177,220,470
test_data847.jpg,980,651,cell_phone,183,182,397,491
test_data847.jpg,980,651,cell_phone,366,177,577,480
test_data847.jpg,980,651,cell_phone,525,201,744,511
test_data847.jpg,980,651,cell_phone,694,208,922,522
test_data111.jpg,640,480,keyboard,41,34,591,204
test_data825.jpg,1024,606,bird,343,259,386,315
test_data825.jpg,1024,606,bird,635,151,680,189
test_data825.jpg,1024,606,bird,737,185,775,227
test_data825.jpg,1024,606,bird,941,205,982,248
test_data825.jpg,1024,606,bird,972,176,1015,215
test_data825.jpg,1024,606,bird,424,303,457,350
test_data825.jpg,1024,606,bird,232,327,273,384
test_data825.jpg,1024,606,bird,388,496,422,542
test_data825.jpg,1024,606,bird,458,475,481,516
test_data825.jpg,1024,606,bird,497,501,522,530
test_data215.jpg,800,800,keyboard,15,174,783,424
test_data237.jpg,375,375,shoe,19,77,351,263
test_data795.jpg,515,515,bottle,180,11,336,508
test_data398.jpg,800,450,keyboard,2,136,798,450
test_data173.jpg,500,500,ccTV,12,108,483,438
test_data495.jpg,500,452,remote,27,59,476,388
test_data456.jpg,464,492,dustbin,26,8,301,477
test_data264.jpg,350,350,bike,17,7,335,341
test_data354.jpg,355,355,laptop,123,31,330,339
test_data354.jpg,355,355,laptop,27,36,176,326
test_data305.jpg,350,350,remote,127,7,224,346
test_data39.jpg,445,606,switch_board,69,180,348,420
test_data514.jpg,714,729,car,26,73,620,590
test_data432.jpg,650,650,remote,212,41,441,603
test_data170.jpg,395,395,shoe,15,95,380,302
test_data599.jpg,590,300,paper_boat,96,57,267,194
test_data599.jpg,590,300,paper_boat,305,117,475,259
test_data150.jpg,550,550,window,180,3,393,542
test_data344.jpg,466,466,keyboard,18,133,390,329
test_data344.jpg,466,466,mouse,345,229,454,292
test_data719.jpg,960,640,window,1,1,51,61
test_data719.jpg,960,640,window,1,96,49,161
test_data719.jpg,960,640,window,2,197,50,257
test_data719.jpg,960,640,window,1,295,50,358
test_data719.jpg,960,640,window,1,392,50,453
test_data719.jpg,960,640,window,1,489,49,553
test_data719.jpg,960,640,window,2,589,50,640
test_data719.jpg,960,640,window,164,2,224,59
test_data719.jpg,960,640,window,165,97,225,160
test_data719.jpg,960,640,window,166,196,224,257
test_data719.jpg,960,640,window,166,295,225,357
test_data719.jpg,960,640,window,167,392,224,454
test_data719.jpg,960,640,window,166,491,224,552
test_data719.jpg,960,640,window,167,587,223,640
test_data719.jpg,960,640,window,377,25,437,91
test_data719.jpg,960,640,window,377,131,440,198
test_data719.jpg,960,640,window,375,238,439,305
test_data719.jpg,960,640,window,378,346,438,411
test_data719.jpg,960,640,window,375,452,437,521
test_data719.jpg,960,640,window,377,559,439,627
test_data719.jpg,960,640,window,522,557,579,625
test_data719.jpg,960,640,window,522,453,584,519
test_data719.jpg,960,640,window,522,345,584,411
test_data719.jpg,960,640,window,522,238,582,304
test_data719.jpg,960,640,window,521,132,583,198
test_data719.jpg,960,640,window,522,23,584,91
test_data719.jpg,960,640,window,728,1,786,58
test_data719.jpg,960,640,window,727,96,786,157
test_data719.jpg,960,640,window,727,195,786,257
test_data719.jpg,960,640,window,727,294,783,355
test_data719.jpg,960,640,window,727,391,784,452
test_data719.jpg,960,640,window,728,489,785,551
test_data719.jpg,960,640,window,728,588,783,640
test_data719.jpg,960,640,window,898,3,935,50
test_data719.jpg,960,640,window,896,98,935,151
test_data719.jpg,960,640,window,897,196,932,246
test_data719.jpg,960,640,window,895,293,932,346
test_data719.jpg,960,640,window,894,391,932,445
test_data719.jpg,960,640,window,894,490,934,543
test_data719.jpg,960,640,window,895,589,933,640
test_data529.jpg,355,355,lighter,14,42,64,191
test_data529.jpg,355,355,lighter,72,31,117,183
test_data529.jpg,355,355,lighter,127,24,173,175
test_data529.jpg,355,355,lighter,181,15,227,167
test_data529.jpg,355,355,lighter,233,7,279,157
test_data529.jpg,355,355,lighter,286,1,333,152
test_data529.jpg,355,355,lighter,16,204,65,352
test_data529.jpg,355,355,lighter,71,194,117,343
test_data529.jpg,355,355,lighter,126,185,173,337
test_data529.jpg,355,355,lighter,180,179,227,327
test_data529.jpg,355,355,lighter,233,169,280,319
test_data529.jpg,355,355,lighter,287,161,334,313
test_data96.jpg,660,440,bike,4,174,273,437
test_data96.jpg,660,440,bike,412,182,641,427
test_data96.jpg,660,440,bike,204,3,435,140
test_data94.jpg,992,558,keyboard,4,132,989,553
test_data350.jpg,375,500,broom,120,1,167,380
test_data350.jpg,375,500,broom,170,5,195,370
test_data350.jpg,375,500,broom,225,8,281,377
test_data350.jpg,375,500,broom,219,2,235,377
test_data350.jpg,375,500,broom,195,2,217,380
new_data110.jpg,500,500,lcd_tv,18,92,482,410
test_data459.jpg,350,350,remote,138,33,213,304
test_data425.jpg,600,600,keyboard,61,228,537,387
test_data780.jpg,500,333,car,105,83,392,260
test_data615.jpg,736,626,bike,13,6,736,620
test_data112.jpg,388,485,shoe,25,279,377,411
test_data823.jpg,360,360,window,91,24,268,337
test_data483.jpg,647,404,bike,63,51,480,374
test_data316.jpg,750,562,lcd_tv,276,205,398,281
test_data175.jpg,650,561,bird,82,170,156,214
test_data175.jpg,650,561,bird,170,217,249,260
test_data175.jpg,650,561,bird,230,286,314,329
test_data175.jpg,650,561,bird,309,307,362,339
test_data175.jpg,650,561,bird,330,200,402,235
test_data175.jpg,650,561,bird,574,33,619,68
test_data175.jpg,650,561,bird,420,265,453,288
test_data873.jpg,442,300,car,103,70,339,244
test_data745.jpg,600,600,bottle,181,35,341,515
test_data319.jpg,500,261,bike,32,5,391,253
test_data142.jpg,640,680,tower,260,82,345,529
test_data871.jpg,800,600,laptop,54,33,767,565
test_data9.jpg,1024,452,shoe,266,228,870,439
test_data73.jpg,859,900,window,48,71,807,831
test_data806.jpg,491,650,cell_phone,188,1,417,647
test_data101.jpg,700,543,ccTV,35,39,201,157
test_data101.jpg,700,543,ccTV,183,39,348,155
test_data101.jpg,700,543,ccTV,341,40,517,157
test_data101.jpg,700,543,ccTV,505,42,672,159
test_data716.jpg,400,400,water_tank,117,87,284,313
test_data140.jpg,620,620,keyboard,53,62,620,556
test_data288.jpg,600,300,bike,72,3,530,290
new_data52.jpg,466,349,lcd_tv,1,1,465,317
test_data757.jpg,780,556,bike,18,5,775,551
new_data57.jpg,500,243,spectacles,1,1,499,243
test_data726.jpg,480,332,keyboard,23,38,457,205
test_data11.jpg,500,500,water_tank,5,108,158,388
test_data11.jpg,500,500,water_tank,159,101,332,399
test_data11.jpg,500,500,water_tank,332,102,500,398
test_data382.jpg,600,450,bike,5,3,325,274
test_data382.jpg,600,450,bike,295,159,598,447
test_data782.jpg,480,320,car,58,75,407,273
test_data218.jpg,700,700,paper_boat,135,354,269,450
test_data218.jpg,700,700,paper_boat,276,497,409,591
test_data218.jpg,700,700,paper_boat,278,210,409,308
test_data218.jpg,700,700,paper_boat,423,352,556,453
new_data5.jpg,868,488,spectacles,60,40,656,352
test_data405.jpg,425,319,dustbin,121,44,310,311
test_data313.jpg,300,450,tower,119,125,171,284
test_data616.jpg,770,433,bike,123,42,662,402
test_data565.jpg,721,600,keyboard,52,76,672,281
test_data64.jpg,800,800,keyboard,79,122,759,378
test_data148.jpg,600,600,water_tank,81,12,516,584
test_data267.jpg,586,331,car,97,55,481,285
test_data166.jpg,620,330,cell_phone,476,1,620,329
test_data166.jpg,620,330,cell_phone,408,5,478,322
test_data166.jpg,620,330,cell_phone,344,9,409,321
test_data166.jpg,620,330,cell_phone,282,12,349,318
test_data166.jpg,620,330,cell_phone,173,17,228,317
test_data166.jpg,620,330,cell_phone,118,20,175,309
test_data166.jpg,620,330,cell_phone,68,24,121,303
test_data166.jpg,620,330,cell_phone,23,23,68,299
test_data166.jpg,620,330,cell_phone,1,30,25,296
test_data157.jpg,425,309,ccTV,79,58,356,255
test_data286.jpg,670,466,bike,6,35,661,435
test_data748.jpg,458,458,mouse,48,38,428,405
test_data284.jpg,767,431,laptop,59,3,686,431
test_data131.jpg,1000,780,car,97,168,905,522
test_data255.jpg,640,480,car,12,84,630,403
test_data563.jpg,500,500,dustbin,94,7,407,476
test_data674.jpg,800,800,mouse,275,99,666,730
test_data52.jpg,664,753,water_tank,160,102,549,676
test_data582.jpg,425,425,remote,143,12,283,411
test_data165.jpg,960,762,bottle,86,53,270,716
test_data165.jpg,960,762,bottle,242,55,385,670
test_data165.jpg,960,762,bottle,347,60,478,624
test_data165.jpg,960,762,bottle,455,60,570,591
test_data165.jpg,960,762,bottle,540,66,651,557
test_data165.jpg,960,762,bottle,621,64,721,529
test_data165.jpg,960,762,bottle,697,65,792,506
test_data165.jpg,960,762,bottle,764,64,860,479
test_data165.jpg,960,762,bottle,831,66,920,451
test_data201.jpg,450,450,bottle,163,7,287,442
test_data105.jpg,970,546,window,43,2,320,544
test_data105.jpg,970,546,window,331,2,615,542
test_data105.jpg,970,546,window,630,4,904,546
test_data560.jpg,638,479,bottle,84,118,195,469
test_data471.jpg,620,413,car,6,7,340,190
test_data471.jpg,620,413,car,241,198,603,395
test_data199.jpg,800,800,shoe,85,260,716,735
test_data174.jpg,800,415,switch_board,115,30,377,382
test_data174.jpg,800,415,switch_board,407,97,566,322
test_data84.jpg,794,635,bird,14,177,44,211
test_data84.jpg,794,635,bird,55,187,81,214
test_data84.jpg,794,635,bird,82,211,110,246
test_data84.jpg,794,635,bird,36,314,60,333
test_data84.jpg,794,635,bird,65,290,90,317
test_data84.jpg,794,635,bird,130,382,153,411
test_data84.jpg,794,635,bird,9,493,31,520
test_data84.jpg,794,635,bird,27,445,52,471
test_data84.jpg,794,635,bird,158,477,184,504
test_data84.jpg,794,635,bird,155,274,179,299
test_data84.jpg,794,635,bird,117,160,147,193
test_data84.jpg,794,635,bird,161,186,184,210
test_data84.jpg,794,635,bird,129,303,153,324
test_data84.jpg,794,635,bird,302,255,324,279
test_data84.jpg,794,635,bird,212,130,236,145
test_data84.jpg,794,635,bird,255,178,279,202
test_data84.jpg,794,635,bird,504,225,527,252
test_data84.jpg,794,635,bird,684,291,708,315
test_data84.jpg,794,635,bird,555,350,579,376
test_data84.jpg,794,635,bird,278,467,300,493
test_data84.jpg,794,635,bird,170,439,192,461
test_data84.jpg,794,635,bird,257,513,279,535
test_data84.jpg,794,635,bird,189,576,213,594
test_data84.jpg,794,635,bird,312,616,338,635
test_data84.jpg,794,635,bird,340,543,365,576
test_data84.jpg,794,635,bird,446,430,469,457
test_data84.jpg,794,635,bird,489,420,513,445
test_data84.jpg,794,635,bird,462,489,482,512
test_data84.jpg,794,635,bird,243,314,266,345
test_data84.jpg,794,635,bird,307,399,333,418
test_data84.jpg,794,635,bird,399,282,434,309
test_data84.jpg,794,635,bird,509,300,536,321
test_data84.jpg,794,635,bird,589,390,611,416
test_data84.jpg,794,635,bird,641,357,668,385
test_data84.jpg,794,635,bird,667,345,690,370
test_data84.jpg,794,635,bird,356,480,380,500
test_data84.jpg,794,635,bird,426,571,454,603
test_data84.jpg,794,635,bird,592,491,623,521
test_data84.jpg,794,635,bird,623,464,644,491
test_data84.jpg,794,635,bird,375,209,400,243
test_data84.jpg,794,635,bird,434,372,463,403
test_data84.jpg,794,635,bird,496,547,519,575
test_data84.jpg,794,635,bird,535,553,558,578
test_data608.jpg,458,458,keyboard,10,59,451,373
test_data436.jpg,750,563,car,25,233,708,472
test_data558.jpg,800,450,cigarette,320,168,725,317
new_data29.jpg,810,810,spectacles,26,290,715,559
test_data245.jpg,850,637,bike,227,156,737,590
test_data248.jpg,600,900,water_tank,249,74,350,249
test_data703.jpg,900,440,car,64,44,843,396
test_data125.jpg,410,430,water_tank,97,90,316,347
test_data50.jpg,800,800,ccTV,142,411,769,737
test_data476.jpg,500,500,broom,214,100,297,433
test_data86.jpg,700,700,bottle,204,136,333,613
test_data86.jpg,700,700,bottle,332,98,479,655
test_data114.jpg,500,500,keyboard,2,113,407,329
test_data114.jpg,500,500,mouse,408,294,500,390
test_data635.jpg,600,600,broom,123,96,222,542
test_data635.jpg,600,600,broom,299,2,527,551
test_data810.jpg,1000,667,tower,147,1,877,667
test_data149.jpg,500,500,switch_board,80,98,435,387
test_data109.jpg,500,500,mouse,147,75,354,444
test_data23.jpg,600,338,car,19,13,268,158
test_data23.jpg,600,338,car,320,22,594,156
test_data23.jpg,600,338,car,11,198,287,325
test_data23.jpg,600,338,car,311,193,596,314
test_data182.jpg,800,800,paper_boat,2,392,255,643
test_data182.jpg,800,800,paper_boat,298,368,564,620
test_data182.jpg,800,800,paper_boat,571,414,800,536
test_data275.jpg,800,800,water_tank,16,117,783,682
test_data694.jpg,800,800,bird,78,582,237,769
test_data694.jpg,800,800,bird,59,264,185,385
test_data694.jpg,800,800,bird,226,244,310,320
test_data694.jpg,800,800,bird,323,269,393,373
test_data694.jpg,800,800,bird,219,474,421,587
test_data694.jpg,800,800,bird,424,202,531,282
test_data694.jpg,800,800,bird,465,381,526,435
test_data694.jpg,800,800,bird,563,369,620,430
test_data694.jpg,800,800,bird,495,147,578,224
test_data694.jpg,800,800,bird,560,226,611,277
test_data694.jpg,800,800,bird,640,122,720,179
test_data694.jpg,800,800,bird,699,25,735,76
test_data771.jpg,640,480,bottle,12,108,103,384
test_data771.jpg,640,480,bottle,310,102,401,419
new_data76.jpg,500,500,lcd_tv,14,84,486,413
test_data864.jpg,420,420,bottle,150,2,266,420
new_data33.jpg,600,479,spectacles,10,109,578,364
test_data722.jpg,500,500,switch_board,38,141,457,384
test_data407.jpg,960,639,window,19,1,124,99
test_data407.jpg,960,639,window,21,116,123,233
test_data407.jpg,960,639,window,20,252,125,371
test_data407.jpg,960,639,window,18,385,124,509
test_data407.jpg,960,639,window,21,521,124,639
test_data407.jpg,960,639,window,173,524,296,639
test_data407.jpg,960,639,window,173,388,295,507
test_data407.jpg,960,639,window,173,251,297,373
test_data407.jpg,960,639,window,174,115,298,234
test_data407.jpg,960,639,window,173,2,296,99
test_data407.jpg,960,639,window,337,1,459,98
test_data407.jpg,960,639,window,333,114,458,235
test_data407.jpg,960,639,window,334,252,457,372
test_data407.jpg,960,639,window,334,388,457,510
test_data407.jpg,960,639,window,334,524,456,639
test_data407.jpg,960,639,window,496,523,620,639
test_data407.jpg,960,639,window,659,526,782,639
test_data407.jpg,960,639,window,833,526,938,639
test_data407.jpg,960,639,window,832,388,939,511
test_data407.jpg,960,639,window,832,251,939,373
test_data407.jpg,960,639,window,832,114,939,235
test_data407.jpg,960,639,window,834,1,939,99
test_data407.jpg,960,639,window,660,1,785,99
test_data407.jpg,960,639,window,498,1,620,99
test_data407.jpg,960,639,window,498,115,621,235
test_data407.jpg,960,639,window,496,251,622,373
test_data407.jpg,960,639,window,496,386,621,510
test_data407.jpg,960,639,window,661,115,784,237
test_data407.jpg,960,639,window,661,251,783,373
test_data407.jpg,960,639,window,659,387,784,510
test_data371.jpg,900,506,bike,90,14,802,505
test_data539.jpg,360,460,mouse,5,69,350,300
test_data767.jpg,500,500,car,204,349,461,469
test_data370.jpg,400,300,cell_phone,127,3,273,295
test_data327.jpg,970,647,cell_phone,271,88,682,598
test_data687.jpg,800,800,cell_phone,330,66,653,737
test_data687.jpg,800,800,cell_phone,145,69,340,739
test_data203.jpg,491,650,cell_phone,270,1,485,649
test_data203.jpg,491,650,cell_phone,182,1,270,647
new_data88.jpg,620,726,lcd_tv,97,87,542,614
new_data15.jpg,810,456,spectacles,118,151,636,359
test_data297.jpg,426,500,shoe,22,78,408,342
new_data50.jpg,450,450,lcd_tv,25,92,424,367
test_data251.jpg,450,326,window,28,10,222,309
test_data251.jpg,450,326,window,224,11,421,312
new_data58.jpg,1000,382,spectacles,8,6,970,359
test_data833.jpg,375,500,bottle,101,23,252,486
new_data3.jpg,640,640,spectacles,13,258,623,438
test_data670.jpg,856,642,cigarette,142,214,826,641
test_data790.jpg,814,814,bottle,175,91,332,696
test_data790.jpg,814,814,bottle,333,91,495,725
test_data790.jpg,814,814,bottle,492,93,640,695
test_data658.jpg,500,500,ccTV,1,84,499,417
new_data44.jpg,800,800,spectacles,98,260,783,594
test_data321.jpg,601,347,keyboard,19,20,495,285
test_data321.jpg,601,347,mouse,457,197,591,336
test_data624.jpg,750,512,water_tank,149,116,658,438
test_data213.jpg,439,317,bike,83,20,355,282
test_data57.jpg,640,380,bike,63,31,581,351
new_data104.jpg,628,301,spectacles,24,5,606,265
test_data756.jpg,500,500,dustbin,92,3,407,497
test_data731.jpg,350,350,switch_board,154,281,300,343
test_data731.jpg,350,350,switch_board,40,99,109,170
test_data731.jpg,350,350,switch_board,33,249,111,326
test_data731.jpg,350,350,switch_board,145,98,215,159
test_data731.jpg,350,350,switch_board,232,163,331,220
new_data53.jpg,628,301,spectacles,25,31,604,266
test_data87.jpg,450,397,car,21,11,70,128
test_data87.jpg,450,397,car,84,25,133,123
test_data87.jpg,450,397,car,153,23,200,124
test_data87.jpg,450,397,car,218,24,262,123
test_data87.jpg,450,397,car,27,142,70,240
test_data87.jpg,450,397,car,87,142,136,239
test_data87.jpg,450,397,car,152,142,200,241
test_data87.jpg,450,397,car,221,138,269,239
test_data87.jpg,450,397,car,23,248,72,350
test_data87.jpg,450,397,car,90,252,135,350
test_data87.jpg,450,397,car,155,253,202,351
test_data87.jpg,450,397,car,218,252,266,349
test_data87.jpg,450,397,car,286,251,335,350
test_data59.jpg,500,500,switch_board,36,169,485,362
test_data467.jpg,650,420,car,23,258,257,403
test_data467.jpg,650,420,car,83,107,295,216
test_data467.jpg,650,420,car,356,124,572,231
test_data467.jpg,650,420,car,437,282,609,387
test_data569.jpg,1024,576,remote,41,7,592,576
test_data569.jpg,1024,576,remote,445,24,1019,573
test_data650.jpg,800,600,laptop,142,50,750,573
test_data280.jpg,450,374,cigarette,89,176,318,213
test_data293.jpg,800,800,mouse,205,74,603,746
new_data43.jpg,800,600,lcd_tv,28,61,764,570
test_data16.jpg,400,300,window,274,94,340,226
test_data16.jpg,400,300,window,292,132,331,188
test_data368.jpg,1000,662,water_tank,226,78,731,603
test_data368.jpg,1000,662,water_tank,820,183,1000,439
test_data104.jpg,600,600,lighter,225,178,376,425
test_data339.jpg,355,355,lighter,8,33,157,342
test_data339.jpg,355,355,lighter,179,31,330,340
test_data81.jpg,500,440,window,79,60,212,276
test_data81.jpg,500,440,window,275,80,406,263
test_data799.jpg,310,599,bottle,65,1,243,595
test_data3.jpg,780,325,car,1,1,773,325
test_data707.jpg,550,550,mouse,49,93,504,458
test_data394.jpg,1000,667,ccTV,155,40,786,373
test_data30.jpg,868,488,cell_phone,154,8,540,488
test_data206.jpg,500,500,keyboard,51,298,413,406
test_data206.jpg,500,500,mouse,423,302,478,398
test_data532.jpg,1024,682,cigarette,334,90,773,662
test_data570.jpg,500,500,bottle,180,9,322,486
test_data113.jpg,600,600,keyboard,58,295,555,510
test_data406.jpg,500,500,mouse,4,113,480,351
test_data17.jpg,600,600,ccTV,3,45,596,555
test_data301.jpg,825,825,keyboard,82,212,738,614
test_data184.jpg,1000,780,car,5,22,1000,686
test_data440.jpg,600,600,broom,19,200,556,397
new_data7.jpg,800,800,spectacles,280,328,737,547
test_data168.jpg,591,413,window,177,36,401,366
new_data89.jpg,425,425,lcd_tv,13,61,368,373
test_data798.jpg,450,443,car,140,61,298,346
test_data97.jpg,728,445,bike,253,26,490,416
test_data831.jpg,900,608,paper_boat,567,317,855,445
test_data831.jpg,900,608,paper_boat,58,68,685,313
test_data831.jpg,900,608,paper_boat,345,238,753,384
test_data345.jpg,680,680,bottle,77,84,229,625
test_data345.jpg,680,680,bottle,221,81,373,641
test_data345.jpg,680,680,bottle,370,76,518,649
test_data88.jpg,425,407,switch_board,115,4,425,401
new_data66.jpg,500,500,lcd_tv,1,77,500,424
test_data787.jpg,700,700,ccTV,102,186,592,605
test_data408.jpg,600,300,dustbin,132,82,307,281
test_data408.jpg,600,300,dustbin,312,81,458,282
test_data493.jpg,780,520,bike,160,34,624,491
test_data56.jpg,701,370,tower,46,34,172,368
test_data56.jpg,701,370,tower,190,177,249,370
test_data56.jpg,701,370,tower,330,22,380,369
test_data56.jpg,701,370,tower,487,56,621,370
test_data221.jpg,531,633,window,175,131,246,155
test_data221.jpg,531,633,window,284,139,347,160
test_data221.jpg,531,633,window,183,228,263,255
test_data221.jpg,531,633,window,304,226,381,261
test_data221.jpg,531,633,window,193,346,290,387
test_data221.jpg,531,633,window,335,340,433,396
test_data221.jpg,531,633,window,201,521,323,594
test_data221.jpg,531,633,window,378,504,510,603
test_data180.jpg,515,515,bottle,186,10,323,502
new_data45.jpg,450,450,lcd_tv,25,87,420,360
test_data769.jpg,800,421,car,68,113,740,351
test_data666.jpg,980,360,tower,245,4,387,360
test_data492.jpg,500,334,tower,188,90,284,324
test_data80.jpg,500,500,lighter,175,127,384,481
new_data16.jpg,665,400,spectacles,44,4,639,399
test_data250.jpg,750,750,switch_board,181,440,565,592
test_data250.jpg,750,750,switch_board,251,161,420,283
test_data250.jpg,750,750,switch_board,395,313,516,407
test_data573.jpg,405,450,bottle,17,1,147,450
test_data573.jpg,405,450,bottle,144,2,274,449
test_data573.jpg,405,450,bottle,273,3,402,450
new_data111.jpg,500,500,spectacles,22,77,479,365
test_data141.jpg,600,300,bike,84,20,506,277
test_data753.jpg,900,600,cigarette,305,197,469,475
test_data176.jpg,590,700,cigarette,8,275,469,473
new_data54.jpg,441,450,lcd_tv,7,8,434,447
test_data844.jpg,864,864,lighter,142,27,704,839
new_data0.jpg,500,500,lcd_tv,9,21,490,496
new_data93.jpg,800,583,spectacles,110,221,692,416
test_data727.jpg,800,536,laptop,2,53,789,529
test_data727.jpg,800,536,laptop,409,1,789,319
test_data61.jpg,600,600,bird,120,54,284,289
test_data61.jpg,600,600,bird,76,340,190,508
test_data61.jpg,600,600,bird,235,270,372,520
test_data61.jpg,600,600,bird,374,185,499,350
test_data61.jpg,600,600,bird,444,368,532,550
test_data124.jpg,350,350,switch_board,45,122,289,225
test_data164.jpg,960,640,tower,356,39,616,640
new_data68.jpg,800,800,lcd_tv,73,191,754,635
test_data764.jpg,647,404,car,67,52,594,383
test_data272.jpg,500,500,ccTV,69,117,435,359
test_data2.jpg,768,432,laptop,515,155,741,233
test_data2.jpg,768,432,laptop,418,86,613,284
test_data2.jpg,768,432,laptop,330,80,557,362
test_data2.jpg,768,432,laptop,120,145,351,359
test_data2.jpg,768,432,laptop,34,232,223,305
test_data839.jpg,400,400,bottle,126,14,247,389
test_data592.jpg,600,600,bottle,213,12,391,589
test_data732.jpg,500,375,car,22,92,477,288
test_data766.jpg,466,466,switch_board,41,45,428,435
test_data508.jpg,720,480,car,33,71,672,444
test_data584.jpg,764,451,water_tank,366,30,675,316
test_data19.jpg,425,425,window,42,10,222,406
test_data19.jpg,425,425,window,223,14,392,411
test_data503.jpg,450,320,cigarette,78,101,450,211
test_data712.jpg,1000,667,bottle,371,403,431,486
test_data712.jpg,1000,667,shoe,457,590,545,634
test_data712.jpg,1000,667,bike,231,307,603,591
test_data491.jpg,700,430,bike,28,26,640,391
test_data819.jpg,500,468,keyboard,7,52,484,206
test_data546.jpg,1024,683,bike,258,67,780,612
test_data602.jpg,600,300,car,105,26,525,282
test_data22.jpg,478,750,bike,19,10,466,736
test_data824.jpg,742,530,tower,319,4,522,488
test_data395.jpg,800,451,cigarette,289,180,495,297
test_data395.jpg,800,451,cigarette,520,40,788,213
test_data395.jpg,800,451,cigarette,349,21,500,190
test_data811.jpg,450,294,bike,10,11,426,277
new_data73.jpg,425,380,lcd_tv,34,44,251,175
test_data153.jpg,700,700,bottle,5,165,126,513
test_data153.jpg,700,700,bottle,123,164,236,516
test_data153.jpg,700,700,bottle,235,169,346,515
test_data153.jpg,700,700,bottle,351,167,462,517
test_data153.jpg,700,700,bottle,465,168,575,518
test_data153.jpg,700,700,bottle,581,170,688,516
test_data446.jpg,350,350,dustbin,40,21,318,333
test_data518.jpg,458,458,bottle,152,88,297,382
test_data233.jpg,680,449,mouse,208,111,492,360
test_data376.jpg,480,360,switch_board,78,85,156,166
test_data376.jpg,480,360,switch_board,205,85,273,158
test_data376.jpg,480,360,switch_board,80,179,156,259
test_data376.jpg,480,360,switch_board,204,178,272,251
test_data376.jpg,480,360,switch_board,329,86,394,155
test_data376.jpg,480,360,switch_board,328,178,396,247
test_data612.jpg,620,726,ccTV,115,221,521,506
test_data128.jpg,680,449,mouse,252,106,420,424
test_data416.jpg,500,500,window,65,72,424,422
test_data840.jpg,574,545,cell_phone,9,8,280,506
test_data840.jpg,574,545,cell_phone,293,6,566,504
test_data653.jpg,480,320,bike,42,10,442,310
test_data645.jpg,750,750,bottle,264,13,483,735
test_data676.jpg,1300,562,car,54,21,1228,467
test_data120.jpg,400,400,window,67,22,206,361
test_data120.jpg,400,400,window,213,29,352,354
test_data765.jpg,425,413,dustbin,118,54,306,364
test_data515.jpg,640,480,car,21,69,632,385
test_data735.jpg,600,300,water_tank,96,31,276,262
test_data171.jpg,600,600,shoe,205,63,567,516
test_data238.jpg,970,647,laptop,73,67,912,577
test_data296.jpg,450,273,water_tank,72,144,106,177
test_data296.jpg,450,273,water_tank,36,145,68,177
test_data296.jpg,450,273,water_tank,202,117,231,145
test_data296.jpg,450,273,water_tank,233,117,262,148
test_data296.jpg,450,273,water_tank,322,116,351,144
test_data296.jpg,450,273,water_tank,263,117,292,145
test_data296.jpg,450,273,water_tank,292,116,321,145
test_data530.jpg,300,716,bottle,35,23,259,699
test_data68.jpg,350,350,window,22,11,163,154
test_data68.jpg,350,350,window,213,17,298,149
test_data68.jpg,350,350,window,7,163,165,338
test_data68.jpg,350,350,window,183,164,344,337
test_data295.jpg,810,456,laptop,91,4,611,426
test_data389.jpg,500,443,laptop,11,9,490,432
test_data557.jpg,400,400,shoe,36,91,364,291
test_data834.jpg,450,300,car,30,127,396,235
test_data858.jpg,350,350,bike,14,76,342,294
new_data55.jpg,750,480,lcd_tv,231,41,540,372
test_data460.jpg,560,315,bottle,166,238,183,291
test_data460.jpg,560,315,bottle,189,204,214,288
test_data460.jpg,560,315,bottle,221,177,251,289
test_data460.jpg,560,315,bottle,257,144,296,289
test_data29.jpg,600,600,window,33,67,305,537
test_data29.jpg,600,600,window,309,87,555,515
test_data466.jpg,640,480,bike,123,60,464,434
test_data404.jpg,500,500,cell_phone,67,64,261,434
test_data821.jpg,426,640,water_tank,152,99,280,315
test_data794.jpg,894,671,bike,79,1,823,670
test_data820.jpg,730,520,broom,515,30,566,512
test_data820.jpg,730,520,broom,566,2,719,519
test_data820.jpg,730,520,broom,581,100,616,516
test_data308.jpg,400,400,lighter,107,68,291,340
new_data56.jpg,500,375,lcd_tv,37,12,477,368
test_data388.jpg,450,320,cigarette,1,137,279,267
test_data551.jpg,500,500,switch_board,73,124,427,377
test_data119.jpg,400,509,dustbin,39,39,366,473
test_data234.jpg,555,250,switch_board,11,13,201,185
test_data234.jpg,555,250,switch_board,182,61,391,236
test_data234.jpg,555,250,switch_board,423,140,479,185
test_data234.jpg,555,250,switch_board,484,140,542,186
test_data234.jpg,555,250,switch_board,422,190,481,235
test_data234.jpg,555,250,switch_board,485,191,541,234
test_data663.jpg,550,367,paper_boat,1,153,122,276
test_data663.jpg,550,367,paper_boat,33,15,125,107
test_data663.jpg,550,367,paper_boat,127,93,257,203
test_data663.jpg,550,367,paper_boat,164,2,249,63
test_data663.jpg,550,367,paper_boat,248,31,348,142
test_data663.jpg,550,367,paper_boat,277,166,451,295
test_data555.jpg,800,800,mouse,278,258,707,611
test_data412.jpg,500,500,dustbin,98,11,413,486
new_data32.jpg,500,500,lcd_tv,34,118,467,395
new_data99.jpg,500,375,lcd_tv,20,21,487,371
new_data60.jpg,628,301,spectacles,24,12,604,263
test_data730.jpg,600,902,bike,109,88,514,810
test_data381.jpg,1256,443,car,60,66,1183,402
test_data1.jpg,800,800,remote,155,116,645,685
test_data571.jpg,950,370,window,2,141,263,243
test_data571.jpg,950,370,window,378,104,500,236
test_data571.jpg,950,370,window,388,1,482,39
test_data571.jpg,950,370,window,601,153,855,247
test_data571.jpg,950,370,window,567,1,757,49
test_data499.jpg,800,800,mouse,181,60,596,724
test_data866.jpg,700,700,lighter,60,189,158,480
test_data866.jpg,700,700,lighter,161,208,265,502
test_data866.jpg,700,700,lighter,263,219,371,525
test_data866.jpg,700,700,lighter,365,241,469,535
test_data866.jpg,700,700,lighter,464,251,576,555
test_data478.jpg,400,400,bottle,148,22,253,375
test_data845.jpg,500,500,broom,97,82,179,414
test_data845.jpg,500,500,broom,103,103,327,416
test_data346.jpg,500,375,paper_boat,120,99,234,153
test_data346.jpg,500,375,paper_boat,3,192,269,355
test_data346.jpg,500,375,paper_boat,96,136,255,225
test_data346.jpg,500,375,paper_boat,269,90,358,139
test_data346.jpg,500,375,paper_boat,416,73,461,113
test_data15.jpg,519,519,bottle,105,6,212,490
test_data15.jpg,519,519,bottle,177,11,312,499
test_data15.jpg,519,519,bottle,275,13,375,490
test_data15.jpg,519,519,bottle,338,18,431,482
test_data704.jpg,350,350,remote,130,8,222,343
test_data594.jpg,800,520,bottle,159,130,228,403
test_data594.jpg,800,520,bottle,228,129,296,406
test_data594.jpg,800,520,bottle,296,130,362,410
test_data594.jpg,800,520,bottle,361,129,437,419
test_data594.jpg,800,520,bottle,438,130,514,424
test_data594.jpg,800,520,bottle,514,129,595,430
test_data695.jpg,645,385,bike,22,1,631,384
test_data671.jpg,509,800,bottle,5,16,55,217
test_data671.jpg,509,800,bottle,55,18,104,216
test_data671.jpg,509,800,bottle,106,15,154,216
test_data671.jpg,509,800,bottle,156,16,202,216
test_data671.jpg,509,800,bottle,203,16,254,216
test_data671.jpg,509,800,bottle,255,16,306,217
test_data671.jpg,509,800,bottle,308,15,357,215
test_data671.jpg,509,800,bottle,357,14,407,216
test_data671.jpg,509,800,bottle,409,16,458,216
test_data671.jpg,509,800,bottle,459,14,508,216
test_data671.jpg,509,800,bottle,5,216,58,411
test_data671.jpg,509,800,bottle,57,215,105,413
test_data671.jpg,509,800,bottle,107,213,156,414
test_data671.jpg,509,800,bottle,155,219,205,410
test_data671.jpg,509,800,bottle,206,218,255,410
test_data671.jpg,509,800,bottle,255,218,304,410
test_data671.jpg,509,800,bottle,305,215,355,411
test_data671.jpg,509,800,bottle,353,216,405,410
test_data671.jpg,509,800,bottle,405,216,455,412
test_data671.jpg,509,800,bottle,456,214,505,411
test_data671.jpg,509,800,bottle,5,412,57,601
test_data671.jpg,509,800,bottle,57,414,108,603
test_data671.jpg,509,800,bottle,107,415,156,602
test_data671.jpg,509,800,bottle,156,414,208,604
test_data671.jpg,509,800,bottle,208,414,256,602
test_data671.jpg,509,800,bottle,258,411,305,602
test_data671.jpg,509,800,bottle,306,411,356,602
test_data671.jpg,509,800,bottle,356,409,405,601
test_data671.jpg,509,800,bottle,408,411,456,601
test_data671.jpg,509,800,bottle,456,411,506,603
test_data671.jpg,509,800,bottle,6,604,57,791
test_data671.jpg,509,800,bottle,56,601,104,789
test_data671.jpg,509,800,bottle,106,603,157,789
test_data671.jpg,509,800,bottle,156,622,207,788
test_data671.jpg,509,800,bottle,207,604,256,787
test_data671.jpg,509,800,bottle,257,614,304,788
test_data671.jpg,509,800,bottle,308,609,357,787
test_data671.jpg,509,800,bottle,357,601,406,787
test_data846.jpg,626,417,cigarette,4,188,575,396
test_data209.jpg,466,580,car,55,151,411,439
test_data852.jpg,800,800,shoe,17,84,793,610
test_data479.jpg,1200,630,cell_phone,225,21,513,598
test_data479.jpg,1200,630,cell_phone,603,13,935,616
test_data441.jpg,424,424,car,4,75,424,336
test_data863.jpg,800,600,bike,103,13,689,594
test_data439.jpg,400,300,broom,37,1,105,147
test_data439.jpg,400,300,broom,31,148,121,300
test_data439.jpg,400,300,broom,157,77,254,96
test_data439.jpg,400,300,broom,162,22,247,40
test_data439.jpg,400,300,broom,152,111,234,286
new_data31.jpg,500,356,spectacles,2,53,497,321
test_data183.jpg,572,572,laptop,3,1,571,530
test_data154.jpg,800,400,window,124,48,175,108
test_data154.jpg,800,400,window,109,177,165,239
test_data154.jpg,800,400,window,177,39,207,77
test_data154.jpg,800,400,window,169,170,203,210
test_data154.jpg,800,400,window,242,151,291,216
test_data154.jpg,800,400,window,248,8,295,72
test_data154.jpg,800,400,window,356,1,452,35
test_data154.jpg,800,400,window,368,116,454,198
test_data154.jpg,800,400,window,642,168,675,232
test_data154.jpg,800,400,window,628,38,657,106
test_data154.jpg,800,400,window,582,111,600,156
test_data154.jpg,800,400,window,8,120,44,158
test_data154.jpg,800,400,window,3,182,35,216
new_data18.jpg,450,450,lcd_tv,36,2,416,443
new_data74.jpg,679,679,spectacles,66,241,606,462
test_data628.jpg,480,270,keyboard,50,7,431,263
test_data328.jpg,1100,500,cigarette,135,381,919,461
test_data419.jpg,800,533,bike,8,76,225,513
test_data419.jpg,800,533,bike,327,257,674,481
test_data855.jpg,640,353,cell_phone,67,4,574,350
test_data818.jpg,404,606,bottle,107,27,278,593
test_data40.jpg,640,426,cigarette,203,150,540,251
test_data55.jpg,360,460,shoe,3,219,209,385
test_data55.jpg,360,460,shoe,3,45,200,213
test_data55.jpg,360,460,shoe,153,70,359,224
test_data55.jpg,360,460,shoe,152,245,357,412
test_data177.jpg,500,500,tower,188,43,362,500
test_data792.jpg,480,360,bottle,147,52,228,313
test_data859.jpg,700,430,car,35,47,666,363
new_data71.jpg,680,680,spectacles,44,225,633,436
test_data220.jpg,770,450,switch_board,34,253,313,419
test_data220.jpg,770,450,switch_board,141,16,406,219
test_data220.jpg,770,450,switch_board,379,297,723,432
test_data220.jpg,770,450,switch_board,462,11,735,276
new_data94.jpg,500,500,spectacles,38,195,463,385
test_data502.jpg,500,500,bottle,181,28,317,464
test_data260.jpg,600,315,lighter,258,32,338,257
test_data117.jpg,700,700,paper_boat,334,244,649,398
test_data117.jpg,700,700,paper_boat,35,191,89,223
test_data117.jpg,700,700,paper_boat,188,236,259,273
test_data117.jpg,700,700,paper_boat,618,201,662,228
test_data826.jpg,1000,550,water_tank,396,69,592,237
new_data39.jpg,425,306,lcd_tv,14,13,414,290
test_data393.jpg,889,500,car,58,122,839,385
new_data101.jpg,820,820,spectacles,11,270,818,630
test_data809.jpg,700,700,laptop,23,119,671,512
test_data409.jpg,500,500,mouse,3,94,495,318
test_data516.jpg,900,340,car,15,1,900,288
test_data243.jpg,500,500,keyboard,36,175,464,318
test_data709.jpg,1024,761,bike,73,241,265,548
test_data709.jpg,1024,761,bike,416,247,602,548
test_data709.jpg,1024,761,bike,724,245,946,545
new_data98.jpg,620,726,lcd_tv,113,187,505,500
test_data728.jpg,850,850,dustbin,201,203,688,724
test_data830.jpg,621,414,tower,239,91,325,375
test_data485.jpg,468,264,cigarette,1,141,467,204
test_data542.jpg,463,331,laptop,2,4,462,325
test_data500.jpg,920,613,cell_phone,218,118,891,543
test_data797.jpg,500,500,dustbin,107,9,394,495
test_data411.jpg,992,661,cigarette,2,365,530,494
test_data347.jpg,600,300,bike,144,12,456,286
test_data805.jpg,651,446,water_tank,169,148,295,246
test_data805.jpg,651,446,water_tank,374,144,574,369
new_data109.jpg,480,640,remote,132,28,324,612
test_data639.jpg,1022,437,bike,49,142,183,372
test_data639.jpg,1022,437,bike,204,106,396,370
test_data639.jpg,1022,437,bike,408,85,634,371
test_data639.jpg,1022,437,bike,648,112,811,382
test_data639.jpg,1022,437,bike,838,118,977,373
test_data692.jpg,516,800,car,103,87,402,690
test_data225.jpg,515,515,bottle,184,16,332,499
test_data290.jpg,680,441,window,317,91,645,428
new_data63.jpg,420,560,spectacles,43,265,374,395
test_data553.jpg,440,660,shoe,22,202,423,462
test_data361.jpg,1024,512,cell_phone,90,23,322,489
test_data361.jpg,1024,512,cell_phone,336,44,538,467
test_data361.jpg,1024,512,cell_phone,551,63,738,462
test_data361.jpg,1024,512,cell_phone,751,75,940,454
test_data654.jpg,700,934,shoe,76,427,631,634
